run_number,algorithm_name,thresh_admg_tpr,thresh_admg_fdr,thresh_admg_f1,thresh_admg_shd,thresh_admg_skeleton_tpr,thresh_admg_skeleton_fdr,thresh_admg_skeleton_f1,thresh_pag_skeleton_f1,thresh_pag_skeleton_tpr,thresh_pag_skeleton_fdr,thresh_pag_circle_f1,thresh_pag_circle_tpr,thresh_pag_circle_fdr,thresh_pag_head_f1,thresh_pag_head_tpr,thresh_pag_head_fdr,thresh_pag_tail_f1,thresh_pag_tail_tpr,thresh_pag_tail_fdr,admg_tpr,admg_fdr,admg_f1,admg_shd,admg_skeleton_tpr,admg_skeleton_fdr,admg_skeleton_f1,pag_skeleton_f1,pag_skeleton_tpr,pag_skeleton_fdr,pag_circle_f1,pag_circle_tpr,pag_circle_fdr,pag_head_f1,pag_head_tpr,pag_head_fdr,pag_tail_f1,pag_tail_tpr,pag_tail_fdr,thresh_pred_bic,pred_bic,runtime,run_commit,explanation,data_file,log_file,generator_seed,num_nodes,avg_degree,frac_directed,degree_variance,num_samples,admg_model,beta_low,beta_high,omega_offdiag_low,omega_offdiag_high,omega_diag_low,omega_diag_high,standardize_data,center_data,get_pag,require_connected,do_thresholding,threshold,max_fevals,cmaes_verbose_level,popsize_ratio,cmaes_popsize,cmaes_num_parallel_workers,cmaes_output_folder,steps_per_env,n_envs,normalize_advantage,n_epochs,device,n_steps,ent_coef,vec_envs_random_state,topo_order_known,use_logits_partition,use_sde,do_entropy_annealing,initial_entropy,min_entropy,cycle_length,damping_factor,dcd_num_restarts
30,CMA-ES,0.4,0.8181818181818182,0.25,7.0,0.5,0.8235294117647058,0.2608695652173913,0.7272727272727273,0.8,0.3333333333333333,0.7368421052631579,0.7,0.2222222222222222,0.0,0.0,1.0,1.0,0.0,1.0,0.4,0.8666666666666667,0.2,16.0,0.5,0.85,0.2307692307692307,0.3809523809523809,0.8,0.75,0.2352941176470588,0.2,0.7142857142857143,0.0,0.0,1.0,0.0,0.0,1.0,18530.628199080154,18530.628199080154,5.417327600000135,093d80f4592faf8d5fa9de4916b40b53e470e30c,Run 30; CMA-ES; Just checking if this experiment framework functions or not. Only 1000 function evaluations.,runs/run_030_data.pkl,runs/runs.csv,54,10,4,0.6,0.2,2000,ancestral,0.5,2.0,0.4,0.7,0.7,1.2,False,True,True,False,True,0.05,1000,3,4,71,8,runs/cmaes_030/,20000,8,True,1,cuda,1,0.05,1,False,False,True,False,0.3,0.005,10000,0.5,1
31,CMA-ES,0.3478,0.7838,0.2667,39.0,0.5172,0.6809,0.3947,0.7719,0.9565,0.3529,0.1,0.4,0.9429,0.2,0.1852,0.7826,0.0833,0.0714,0.9,0.3478,0.7576,0.2857,40.0,0.5172,0.6053,0.4478,0.7586,0.9565,0.3714,0.1,0.4,0.9429,0.1923,0.1852,0.8,0.0833,0.0714,0.9,23059.5106,23059.5106,195.4641,ce3521a48318e09a319b60d5c40591632d87b5f1,Run 31; CMA-ES; Checking how well the algorithm performs when given 20000 function evaluations and how long it takes to run.,runs/run_031_data.pkl,runs/runs.csv,49,10,4,0.6,0.2,2000,ancestral,0.5,2.0,0.4,0.7,0.7,1.2,False,True,True,False,True,0.05,20000,3,4,71,8,runs/cmaes_031/,20000,8,True,1,cuda,1,0.05,1,False,False,True,False,0.3,0.005,10000,0.5,1
32,CMA-ES,0.5,0.6061,0.4407,23.0,0.5676,0.5714,0.4884,0.8163,0.7692,0.1304,0.4571,0.6154,0.6364,0.6154,0.5161,0.2381,0.3636,0.25,0.3333,0.5,0.48,0.5098,25.0,0.5946,0.2903,0.6471,0.8235,0.8077,0.16,0.4878,0.7692,0.6429,0.64,0.5161,0.1579,0.3636,0.25,0.3333,45789.0962,45789.0962,640.6627,5bb4d6991b5552b8e46f52e7fae8437d80f61efc,Run 32; CMA-ES; Checking how well it runs with 20 nodes and 40000 function evaluations and how long it takes to run.,runs/run_032_data.pkl,runs/runs.csv,97,20,4,0.6,0.2,2000,ancestral,0.5,2.0,0.4,0.7,0.7,1.2,False,True,True,False,True,0.05,40000,3,4,87,8,runs/cmaes_032/,20000,8,True,1,cuda,1,0.05,1,False,False,True,False,0.3,0.005,10000,0.5,1
33,CMA-ES,0.0,1.0,1.0,18.0,0.3,0.7273,0.2857,1.0,1.0,0.0,1.0,1.0,0.0,1.0,0.0,1.0,1.0,0.0,1.0,0.0,1.0,1.0,18.0,0.3,0.7273,0.2857,1.0,1.0,0.0,1.0,1.0,0.0,1.0,0.0,1.0,1.0,0.0,1.0,10973.8766,10973.8766,1.2389,5bb4d6991b5552b8e46f52e7fae8437d80f61efc,Run 33; CMA-ES; Number of nodes: 5; Sample size: 2000; Fn Evals: 1000; ADMG Model: ancestral; This is just a test to see if the test suite works. This is iteration 1 of 3 varying number of nodes for ancestral graphs..,runs/run_033_data.pkl,runs/runs.csv,17,5,4,0.6,0.2,2000,ancestral,0.5,2.0,0.4,0.7,0.7,1.2,False,True,True,False,True,0.05,1000,3,4,71,12,runs/cmaes_033/,20000,8,True,1,cuda,1,0.05,1,False,False,True,False,0.3,0.005,10000,0.5,1
34,CMA-ES,0.125,0.9,0.1111,32.0,0.4091,0.6538,0.375,0.7568,0.875,0.3333,0.0,0.0,1.0,0.2703,0.2941,0.75,0.0,0.0,1.0,0.125,0.9333,0.087,42.0,0.4091,0.7632,0.3,0.5957,0.875,0.5484,0.0,0.0,1.0,0.2,0.2941,0.8485,0.0,0.0,1.0,24747.3747,24792.5732,5.193,5bb4d6991b5552b8e46f52e7fae8437d80f61efc,Run 34; CMA-ES; Number of nodes: 10; Sample size: 2000; Fn Evals: 1000; ADMG Model: ancestral; This is just a test to see if the test suite works. This is iteration 1 of 3 varying number of nodes for ancestral graphs..,runs/run_034_data.pkl,runs/runs.csv,78,10,4,0.6,0.2,2000,ancestral,0.5,2.0,0.4,0.7,0.7,1.2,False,True,True,False,True,0.05,1000,3,4,71,12,runs/cmaes_034/,20000,8,True,1,cuda,1,0.05,1,False,False,True,False,0.3,0.005,10000,0.5,1
35,CMA-ES,0.2985,0.6774,0.3101,89.0,0.3452,0.5606,0.3867,0.6202,0.597,0.3548,0.0,0.0,1.0,0.3497,0.3165,0.6094,0.3469,0.3953,0.6909,0.3284,0.7067,0.3099,98.0,0.381,0.5949,0.3926,0.6761,0.7164,0.36,0.25,0.25,0.75,0.3684,0.3544,0.6164,0.3333,0.4186,0.7231,52671.9983,50749.7932,25.7509,5bb4d6991b5552b8e46f52e7fae8437d80f61efc,Run 35; CMA-ES; Number of nodes: 15; Sample size: 2000; Fn Evals: 1000; ADMG Model: ancestral; This is just a test to see if the test suite works. This is iteration 1 of 3 varying number of nodes for ancestral graphs..,runs/run_035_data.pkl,runs/runs.csv,6,15,4,0.6,0.2,2000,ancestral,0.5,2.0,0.4,0.7,0.7,1.2,False,True,True,False,True,0.05,1000,3,4,71,12,runs/cmaes_035/,20000,8,True,1,cuda,1,0.05,1,False,False,True,False,0.3,0.005,10000,0.5,1
36,CMA-ES,0.5,0.8182,0.2667,11.0,0.6,0.8,0.3,0.5333,1.0,0.6364,0.5714,0.75,0.5385,0.0,0.0,1.0,0.0,0.0,1.0,0.5,0.9767,0.0444,86.0,0.6,0.9684,0.06,0.0889,1.0,0.9535,0.0,0.0,1.0,0.0,0.0,1.0,0.0,0.0,1.0,38360.2003,38847.4112,31.2284,5bb4d6991b5552b8e46f52e7fae8437d80f61efc,Run 36; CMA-ES; Number of nodes: 20; Sample size: 2000; Fn Evals: 1000; ADMG Model: ancestral; This is just a test to see if the test suite works. This is iteration 1 of 3 varying number of nodes for ancestral graphs..,runs/run_036_data.pkl,runs/runs.csv,75,20,4,0.6,0.2,2000,ancestral,0.5,2.0,0.4,0.7,0.7,1.2,False,True,True,False,True,0.05,1000,3,4,71,12,runs/cmaes_036/,20000,8,True,1,cuda,1,0.05,1,False,False,True,False,0.3,0.005,10000,0.5,1
37,CMA-ES,0.3158,0.6667,0.3243,25.0,0.5,0.3478,0.566,0.7568,0.7368,0.2222,0.5217,0.75,0.6,0.5909,0.52,0.3158,0.0,0.0,1.0,0.3684,0.7586,0.2917,34.0,0.6333,0.4571,0.5846,0.6939,0.8947,0.4333,0.1739,0.25,0.8667,0.5965,0.68,0.4688,0.2222,0.4,0.8462,7465.5005,7524.6013,2.6509,5bb4d6991b5552b8e46f52e7fae8437d80f61efc,Run 37; CMA-ES; Number of nodes: 10; Sample size: 500; Fn Evals: 1000; ADMG Model: ancestral; This is just a test to see if the test suite works. This is iteration 1 of 3 varying number of samples for ancestral graphs.,runs/run_037_data.pkl,runs/runs.csv,51,10,4,0.6,0.2,500,ancestral,0.5,2.0,0.4,0.7,0.7,1.2,False,True,True,False,True,0.05,1000,3,4,71,12,runs/cmaes_037/,20000,8,True,1,cuda,1,0.05,1,False,False,True,False,0.3,0.005,10000,0.5,1
38,CMA-ES,0.0526,0.963,0.0435,44.0,0.32,0.7647,0.2712,0.5217,0.6316,0.5556,0.1,0.0833,0.875,0.1739,0.2222,0.8571,0.0,0.0,1.0,0.0526,0.9714,0.037,52.0,0.36,0.7907,0.2647,0.5926,0.8421,0.5429,0.0606,0.0833,0.9524,0.1923,0.2778,0.8529,0.0,0.0,1.0,12178.6763,12086.4425,7.8786,5bb4d6991b5552b8e46f52e7fae8437d80f61efc,Run 38; CMA-ES; Number of nodes: 10; Sample size: 1000; Fn Evals: 1000; ADMG Model: ancestral; This is just a test to see if the test suite works. This is iteration 1 of 3 varying number of samples for ancestral graphs.,runs/run_038_data.pkl,runs/runs.csv,66,10,4,0.6,0.2,1000,ancestral,0.5,2.0,0.4,0.7,0.7,1.2,False,True,True,False,True,0.05,1000,3,4,71,12,runs/cmaes_038/,20000,8,True,1,cuda,1,0.05,1,False,False,True,False,0.3,0.005,10000,0.5,1
39,CMA-ES,0.5,0.6667,0.4,9.0,0.5,0.7,0.375,0.8,1.0,0.3333,0.6,1.0,0.5714,0.6667,0.5,0.0,1.0,1.0,0.0,0.5,0.85,0.2308,20.0,0.5,0.8636,0.2143,0.4615,1.0,0.7,0.0,0.0,1.0,0.16,0.5,0.9048,0.2353,1.0,0.8667,28230.1525,28310.9804,2.0884,5bb4d6991b5552b8e46f52e7fae8437d80f61efc,Run 39; CMA-ES; Number of nodes: 10; Sample size: 3000; Fn Evals: 1000; ADMG Model: ancestral; This is just a test to see if the test suite works. This is iteration 1 of 3 varying number of samples for ancestral graphs.,runs/run_039_data.pkl,runs/runs.csv,72,10,4,0.6,0.2,3000,ancestral,0.5,2.0,0.4,0.7,0.7,1.2,False,True,True,False,True,0.05,1000,3,4,71,12,runs/cmaes_039/,20000,8,True,1,cuda,1,0.05,1,False,False,True,False,0.3,0.005,10000,0.5,1
40,CMA-ES,0.2609,0.7778,0.24,38.0,0.4138,0.6471,0.381,0.7059,0.7826,0.3571,0.1538,0.25,0.8889,0.4151,0.4074,0.5769,0.3478,0.3636,0.6667,0.2609,0.8235,0.2105,45.0,0.4483,0.6829,0.3714,0.6552,0.8261,0.4571,0.1333,0.25,0.9091,0.3729,0.4074,0.6562,0.2963,0.3636,0.75,49809.3578,49820.4643,8.5944,5bb4d6991b5552b8e46f52e7fae8437d80f61efc,Run 40; CMA-ES; Number of nodes: 10; Sample size: 4000; Fn Evals: 1000; ADMG Model: ancestral; This is just a test to see if the test suite works. This is iteration 1 of 3 varying number of samples for ancestral graphs.,runs/run_040_data.pkl,runs/runs.csv,93,10,4,0.6,0.2,4000,ancestral,0.5,2.0,0.4,0.7,0.7,1.2,False,True,True,False,True,0.05,1000,3,4,71,12,runs/cmaes_040/,20000,8,True,1,cuda,1,0.05,1,False,False,True,False,0.3,0.005,10000,0.5,1
41,CMA-ES,0.5,0.375,0.5556,8.0,0.5714,0.2,0.6667,0.9474,0.9,0.0,0.75,0.6,0.0,0.0,0.0,1.0,1.0,0.0,1.0,0.5,0.375,0.5556,8.0,0.5714,0.2,0.6667,0.9474,0.9,0.0,0.75,0.6,0.0,0.0,0.0,1.0,1.0,0.0,1.0,12329.5184,12329.5184,2.1203,5bb4d6991b5552b8e46f52e7fae8437d80f61efc,Run 41; CMA-ES; Number of nodes: 5; Sample size: 2000; Fn Evals: 1000; ADMG Model: bow-free; This is just a test to see if the test suite works. This is iteration 1 of 3 varying number of nodes for bow-free graphs..,runs/run_041_data.pkl,runs/runs.csv,22,5,4,0.6,0.2,2000,bow-free,0.5,2.0,0.4,0.7,0.7,1.2,False,True,True,False,True,0.05,1000,3,4,71,12,runs/cmaes_041/,20000,8,True,1,cuda,1,0.05,1,False,False,True,False,0.3,0.005,10000,0.5,1
42,CMA-ES,0.3529,0.6842,0.3333,48.0,0.6078,0.38,0.6139,0.975,0.975,0.025,0.8293,0.7727,0.1053,0.8286,0.8529,0.1944,0.5,1.0,0.6667,0.3529,0.7209,0.3117,53.0,0.6471,0.4107,0.6168,0.9639,1.0,0.0698,0.7912,0.8182,0.234,0.7463,0.7353,0.2424,0.5,1.0,0.6667,30500.2273,30527.1176,21.0574,5bb4d6991b5552b8e46f52e7fae8437d80f61efc,Run 42; CMA-ES; Number of nodes: 10; Sample size: 2000; Fn Evals: 1000; ADMG Model: bow-free; This is just a test to see if the test suite works. This is iteration 1 of 3 varying number of nodes for bow-free graphs..,runs/run_042_data.pkl,runs/runs.csv,47,10,4,0.6,0.2,2000,bow-free,0.5,2.0,0.4,0.7,0.7,1.2,False,True,True,False,True,0.05,1000,3,4,71,12,runs/cmaes_042/,20000,8,True,1,cuda,1,0.05,1,False,False,True,False,0.3,0.005,10000,0.5,1
43,CMA-ES,0.35,0.791,0.2617,79.0,0.5088,0.6628,0.4056,0.5669,0.75,0.5443,0.0,0.0,1.0,0.3333,0.381,0.7037,0.0,0.0,1.0,0.4,0.8242,0.2443,99.0,0.5965,0.7119,0.3886,0.6267,0.9792,0.5392,0.1714,1.0,0.9062,0.2804,0.2381,0.6591,0.0,0.0,1.0,43755.5444,43828.4601,38.1106,5bb4d6991b5552b8e46f52e7fae8437d80f61efc,Run 43; CMA-ES; Number of nodes: 15; Sample size: 2000; Fn Evals: 1000; ADMG Model: bow-free; This is just a test to see if the test suite works. This is iteration 1 of 3 varying number of nodes for bow-free graphs..,runs/run_043_data.pkl,runs/runs.csv,81,15,4,0.6,0.2,2000,bow-free,0.5,2.0,0.4,0.7,0.7,1.2,False,True,True,False,True,0.05,1000,3,4,71,12,runs/cmaes_043/,20000,8,True,1,cuda,1,0.05,1,False,False,True,False,0.3,0.005,10000,0.5,1
44,CMA-ES,0.0,1.0,1.0,5.0,0.0,1.0,0.0,0.0,0.0,1.0,0.0,0.0,1.0,0.0,0.0,1.0,0.0,0.0,1.0,0.0,1.0,1.0,88.0,0.0,1.0,0.0,0.0,0.0,1.0,0.0,0.0,1.0,0.0,0.0,1.0,0.0,0.0,1.0,36672.8998,37220.936,4.3613,5bb4d6991b5552b8e46f52e7fae8437d80f61efc,Run 44; CMA-ES; Number of nodes: 20; Sample size: 2000; Fn Evals: 1000; ADMG Model: bow-free; This is just a test to see if the test suite works. This is iteration 1 of 3 varying number of nodes for bow-free graphs..,runs/run_044_data.pkl,runs/runs.csv,26,20,4,0.6,0.2,2000,bow-free,0.5,2.0,0.4,0.7,0.7,1.2,False,True,True,False,True,0.05,1000,3,4,71,12,runs/cmaes_044/,20000,8,True,1,cuda,1,0.05,1,False,False,True,False,0.3,0.005,10000,0.5,1
45,CMA-ES,0.2917,0.75,0.2692,38.0,0.5806,0.5263,0.5217,0.717,0.76,0.3214,0.125,0.2,0.9091,0.3636,0.3448,0.6154,0.3158,0.2727,0.625,0.2917,0.7941,0.2414,44.0,0.6452,0.5833,0.5063,0.7,0.84,0.4,0.1333,0.3,0.9143,0.2712,0.2759,0.7333,0.375,0.2727,0.4,6189.9342,6224.5004,4.9053,5bb4d6991b5552b8e46f52e7fae8437d80f61efc,Run 45; CMA-ES; Number of nodes: 10; Sample size: 500; Fn Evals: 1000; ADMG Model: bow-free; This is just a test to see if the test suite works. This is iteration 1 of 3 varying number of samples for bow-free graphs.,runs/run_045_data.pkl,runs/runs.csv,38,10,4,0.6,0.2,500,bow-free,0.5,2.0,0.4,0.7,0.7,1.2,False,True,True,False,True,0.05,1000,3,4,71,12,runs/cmaes_045/,20000,8,True,1,cuda,1,0.05,1,False,False,True,False,0.3,0.005,10000,0.5,1
46,CMA-ES,0.2857,0.7368,0.274,53.0,0.5957,0.4286,0.5833,0.9,0.9231,0.122,0.6222,0.7778,0.4815,0.5079,0.4571,0.4286,0.0,0.0,1.0,0.2857,0.7674,0.2564,58.0,0.617,0.463,0.5743,0.9286,1.0,0.1333,0.5714,1.0,0.6,0.0,0.0,1.0,0.0,0.0,1.0,11581.9323,11568.6527,10.46,5bb4d6991b5552b8e46f52e7fae8437d80f61efc,Run 46; CMA-ES; Number of nodes: 10; Sample size: 1000; Fn Evals: 1000; ADMG Model: bow-free; This is just a test to see if the test suite works. This is iteration 1 of 3 varying number of samples for bow-free graphs.,runs/run_046_data.pkl,runs/runs.csv,85,10,4,0.6,0.2,1000,bow-free,0.5,2.0,0.4,0.7,0.7,1.2,False,True,True,False,True,0.05,1000,3,4,71,12,runs/cmaes_046/,20000,8,True,1,cuda,1,0.05,1,False,False,True,False,0.3,0.005,10000,0.5,1
47,CMA-ES,0.5455,0.25,0.6316,7.0,0.5294,0.25,0.6207,0.7368,0.6364,0.125,0.7143,1.0,0.4444,0.5217,0.375,0.1429,0.0,0.0,1.0,0.6364,0.6818,0.4242,19.0,0.7059,0.6364,0.48,0.5294,0.8182,0.6087,0.1429,0.2,0.8889,0.4444,0.625,0.6552,0.2222,1.0,0.875,35831.7412,35926.8618,5.1324,5bb4d6991b5552b8e46f52e7fae8437d80f61efc,Run 47; CMA-ES; Number of nodes: 10; Sample size: 3000; Fn Evals: 1000; ADMG Model: bow-free; This is just a test to see if the test suite works. This is iteration 1 of 3 varying number of samples for bow-free graphs.,runs/run_047_data.pkl,runs/runs.csv,4,10,4,0.6,0.2,3000,bow-free,0.5,2.0,0.4,0.7,0.7,1.2,False,True,True,False,True,0.05,1000,3,4,71,12,runs/cmaes_047/,20000,8,True,1,cuda,1,0.05,1,False,False,True,False,0.3,0.005,10000,0.5,1
48,CMA-ES,0.6,0.4,0.6,4.0,0.75,0.1429,0.8,1.0,1.0,0.0,1.0,1.0,0.0,1.0,1.0,0.0,1.0,0.0,1.0,0.6,0.8421,0.25,18.0,0.75,0.7391,0.3871,0.4167,1.0,0.7368,0.3478,0.6667,0.7647,0.4,1.0,0.75,0.0,0.0,1.0,40130.7898,40228.913,3.3076,5bb4d6991b5552b8e46f52e7fae8437d80f61efc,Run 48; CMA-ES; Number of nodes: 10; Sample size: 4000; Fn Evals: 1000; ADMG Model: bow-free; This is just a test to see if the test suite works. This is iteration 1 of 3 varying number of samples for bow-free graphs.,runs/run_048_data.pkl,runs/runs.csv,35,10,4,0.6,0.2,4000,bow-free,0.5,2.0,0.4,0.7,0.7,1.2,False,True,True,False,True,0.05,1000,3,4,71,12,runs/cmaes_048/,20000,8,True,1,cuda,1,0.05,1,False,False,True,False,0.3,0.005,10000,0.5,1
49,CMA-ES,0.5,0.4444,0.5263,9.0,0.5714,0.2,0.6667,0.9474,0.9,0.0,0.8235,0.7,0.0,0.0,0.0,1.0,1.0,0.0,1.0,0.5,0.4444,0.5263,9.0,0.5714,0.2,0.6667,0.9474,0.9,0.0,0.8235,0.7,0.0,0.0,0.0,1.0,1.0,0.0,1.0,13416.8127,13416.8127,0.9628,5bb4d6991b5552b8e46f52e7fae8437d80f61efc,Run 49; CMA-ES; Number of nodes: 5; Sample size: 2000; Fn Evals: 1000; ADMG Model: ancestral; This is just a test to see if the test suite works. This is iteration 2 of 3 varying number of nodes for ancestral graphs..,runs/run_049_data.pkl,runs/runs.csv,52,5,4,0.6,0.2,2000,ancestral,0.5,2.0,0.4,0.7,0.7,1.2,False,True,True,False,True,0.05,1000,3,4,71,12,runs/cmaes_049/,20000,8,True,1,cuda,1,0.05,1,False,False,True,False,0.3,0.005,10000,0.5,1
50,CMA-ES,0.3636,0.6923,0.3333,32.0,0.4483,0.5938,0.4262,0.6939,0.7391,0.3462,0.4286,0.75,0.7,0.3077,0.2308,0.5385,0.5882,0.625,0.4444,0.3636,0.7576,0.2909,39.0,0.4828,0.641,0.4118,0.6429,0.7826,0.4545,0.3,0.5,0.7857,0.2128,0.1923,0.7619,0.4,0.625,0.7059,21507.9421,21541.0134,8.2223,5bb4d6991b5552b8e46f52e7fae8437d80f61efc,Run 50; CMA-ES; Number of nodes: 10; Sample size: 2000; Fn Evals: 1000; ADMG Model: ancestral; This is just a test to see if the test suite works. This is iteration 2 of 3 varying number of nodes for ancestral graphs..,runs/run_050_data.pkl,runs/runs.csv,68,10,4,0.6,0.2,2000,ancestral,0.5,2.0,0.4,0.7,0.7,1.2,False,True,True,False,True,0.05,1000,3,4,71,12,runs/cmaes_050/,20000,8,True,1,cuda,1,0.05,1,False,False,True,False,0.3,0.005,10000,0.5,1
51,CMA-ES,0.2188,0.8444,0.1818,63.0,0.3617,0.6531,0.3542,0.6494,0.7812,0.4444,0.2,0.2222,0.8182,0.3043,0.3182,0.7083,0.0952,0.1818,0.9355,0.2188,0.8986,0.1386,87.0,0.4043,0.7432,0.314,0.5347,0.8438,0.6087,0.1818,0.2222,0.8462,0.2832,0.3636,0.7681,0.0597,0.1818,0.9643,45779.9328,45894.9091,10.3323,5bb4d6991b5552b8e46f52e7fae8437d80f61efc,Run 51; CMA-ES; Number of nodes: 15; Sample size: 2000; Fn Evals: 1000; ADMG Model: ancestral; This is just a test to see if the test suite works. This is iteration 2 of 3 varying number of nodes for ancestral graphs..,runs/run_051_data.pkl,runs/runs.csv,87,15,4,0.6,0.2,2000,ancestral,0.5,2.0,0.4,0.7,0.7,1.2,False,True,True,False,True,0.05,1000,3,4,71,12,runs/cmaes_051/,20000,8,True,1,cuda,1,0.05,1,False,False,True,False,0.3,0.005,10000,0.5,1
52,CMA-ES,0.3243,0.8261,0.2264,82.0,0.3265,0.7922,0.254,0.5283,0.7568,0.5942,0.1739,0.1538,0.8,0.25,0.3333,0.8,0.1449,0.3125,0.9057,0.3514,0.8976,0.1585,138.0,0.4082,0.8551,0.2139,0.3758,0.8378,0.7578,0.1481,0.1538,0.8571,0.1989,0.4,0.8676,0.082,0.3125,0.9528,47573.7128,47248.0035,34.6233,5bb4d6991b5552b8e46f52e7fae8437d80f61efc,Run 52; CMA-ES; Number of nodes: 20; Sample size: 2000; Fn Evals: 1000; ADMG Model: ancestral; This is just a test to see if the test suite works. This is iteration 2 of 3 varying number of nodes for ancestral graphs..,runs/run_052_data.pkl,runs/runs.csv,33,20,4,0.6,0.2,2000,ancestral,0.5,2.0,0.4,0.7,0.7,1.2,False,True,True,False,True,0.05,1000,3,4,71,12,runs/cmaes_052/,20000,8,True,1,cuda,1,0.05,1,False,False,True,False,0.3,0.005,10000,0.5,1
53,CMA-ES,0.2857,0.7895,0.2424,50.0,0.5,0.625,0.4286,0.7879,0.9286,0.3158,0.0,0.0,1.0,0.4118,0.4516,0.6216,0.0,0.0,1.0,0.2857,0.7949,0.2388,51.0,0.5278,0.6122,0.4471,0.806,0.9643,0.3077,0.0,0.0,1.0,0.4058,0.4516,0.6316,0.0,0.0,1.0,6242.7493,6248.9866,3.1681,5bb4d6991b5552b8e46f52e7fae8437d80f61efc,Run 53; CMA-ES; Number of nodes: 10; Sample size: 500; Fn Evals: 1000; ADMG Model: ancestral; This is just a test to see if the test suite works. This is iteration 2 of 3 varying number of samples for ancestral graphs.,runs/run_053_data.pkl,runs/runs.csv,24,10,4,0.6,0.2,500,ancestral,0.5,2.0,0.4,0.7,0.7,1.2,False,True,True,False,True,0.05,1000,3,4,71,12,runs/cmaes_053/,20000,8,True,1,cuda,1,0.05,1,False,False,True,False,0.3,0.005,10000,0.5,1
54,CMA-ES,0.5,0.6154,0.4348,13.0,0.5385,0.4615,0.5385,0.7826,0.9,0.3077,0.5806,0.8182,0.55,0.5455,0.4286,0.25,0.0,0.0,1.0,0.5,0.7727,0.3125,22.0,0.5385,0.6957,0.3889,0.5625,0.9,0.5909,0.3333,0.3636,0.6923,0.25,0.4286,0.8235,0.25,1.0,0.8571,10232.2754,10286.8076,1.4634,5bb4d6991b5552b8e46f52e7fae8437d80f61efc,Run 54; CMA-ES; Number of nodes: 10; Sample size: 1000; Fn Evals: 1000; ADMG Model: ancestral; This is just a test to see if the test suite works. This is iteration 2 of 3 varying number of samples for ancestral graphs.,runs/run_054_data.pkl,runs/runs.csv,62,10,4,0.6,0.2,1000,ancestral,0.5,2.0,0.4,0.7,0.7,1.2,False,True,True,False,True,0.05,1000,3,4,71,12,runs/cmaes_054/,20000,8,True,1,cuda,1,0.05,1,False,False,True,False,0.3,0.005,10000,0.5,1
55,CMA-ES,0.1579,0.8889,0.1304,40.0,0.4348,0.6667,0.3774,0.8261,1.0,0.2963,0.1739,0.2,0.8462,0.3478,0.4,0.6923,0.087,0.125,0.9333,0.1579,0.9167,0.1091,49.0,0.4348,0.75,0.3175,0.6909,1.0,0.4722,0.25,0.4,0.8182,0.2857,0.4,0.7778,0.0909,0.125,0.9286,33223.6477,33249.4617,4.4675,5bb4d6991b5552b8e46f52e7fae8437d80f61efc,Run 55; CMA-ES; Number of nodes: 10; Sample size: 3000; Fn Evals: 1000; ADMG Model: ancestral; This is just a test to see if the test suite works. This is iteration 2 of 3 varying number of samples for ancestral graphs.,runs/run_055_data.pkl,runs/runs.csv,32,10,4,0.6,0.2,3000,ancestral,0.5,2.0,0.4,0.7,0.7,1.2,False,True,True,False,True,0.05,1000,3,4,71,12,runs/cmaes_055/,20000,8,True,1,cuda,1,0.05,1,False,False,True,False,0.3,0.005,10000,0.5,1
56,CMA-ES,0.3333,0.8065,0.2449,37.0,0.5,0.6842,0.3871,0.6122,0.8333,0.5161,0.1053,0.25,0.9333,0.2326,0.2381,0.7727,0.2353,0.2857,0.8,0.3333,0.8421,0.2143,44.0,0.5,0.7333,0.3478,0.5357,0.8333,0.6053,0.0755,0.25,0.9556,0.25,0.2381,0.7368,0.2105,0.2857,0.8333,51438.5507,51487.8761,7.4402,5bb4d6991b5552b8e46f52e7fae8437d80f61efc,Run 56; CMA-ES; Number of nodes: 10; Sample size: 4000; Fn Evals: 1000; ADMG Model: ancestral; This is just a test to see if the test suite works. This is iteration 2 of 3 varying number of samples for ancestral graphs.,runs/run_056_data.pkl,runs/runs.csv,79,10,4,0.6,0.2,4000,ancestral,0.5,2.0,0.4,0.7,0.7,1.2,False,True,True,False,True,0.05,1000,3,4,71,12,runs/cmaes_056/,20000,8,True,1,cuda,1,0.05,1,False,False,True,False,0.3,0.005,10000,0.5,1
57,CMA-ES,0.4,0.3333,0.5,8.0,0.375,0.1429,0.5217,0.8235,0.7,0.0,0.3333,0.2,0.0,0.0,0.0,1.0,0.0,0.0,1.0,0.4,0.4286,0.4706,9.0,0.4375,0.125,0.5833,0.8889,0.8,0.0,0.7097,0.55,0.0,0.0,0.0,1.0,0.0,0.0,1.0,15458.2141,15460.8657,0.8046,5bb4d6991b5552b8e46f52e7fae8437d80f61efc,Run 57; CMA-ES; Number of nodes: 5; Sample size: 2000; Fn Evals: 1000; ADMG Model: bow-free; This is just a test to see if the test suite works. This is iteration 2 of 3 varying number of nodes for bow-free graphs..,runs/run_057_data.pkl,runs/runs.csv,51,5,4,0.6,0.2,2000,bow-free,0.5,2.0,0.4,0.7,0.7,1.2,False,True,True,False,True,0.05,1000,3,4,71,12,runs/cmaes_057/,20000,8,True,1,cuda,1,0.05,1,False,False,True,False,0.3,0.005,10000,0.5,1
58,CMA-ES,0.1429,0.8889,0.125,14.0,0.2,0.8182,0.1905,0.5,0.5714,0.5556,0.4211,0.4444,0.6,0.2,0.25,0.8333,0.0,0.0,1.0,0.1429,0.9524,0.0714,26.0,0.3,0.8846,0.1667,0.3571,0.7143,0.7619,0.32,0.4444,0.75,0.1818,0.5,0.8889,0.0,0.0,1.0,21987.5299,22052.1385,6.3793,5bb4d6991b5552b8e46f52e7fae8437d80f61efc,Run 58; CMA-ES; Number of nodes: 10; Sample size: 2000; Fn Evals: 1000; ADMG Model: bow-free; This is just a test to see if the test suite works. This is iteration 2 of 3 varying number of nodes for bow-free graphs..,runs/run_058_data.pkl,runs/runs.csv,59,10,4,0.6,0.2,2000,bow-free,0.5,2.0,0.4,0.7,0.7,1.2,False,True,True,False,True,0.05,1000,3,4,71,12,runs/cmaes_058/,20000,8,True,1,cuda,1,0.05,1,False,False,True,False,0.3,0.005,10000,0.5,1
59,CMA-ES,0.2754,0.7738,0.2484,115.0,0.5,0.5385,0.48,0.934,0.9684,0.098,0.4816,0.6082,0.6014,0.1286,0.1071,0.8393,0.0,0.0,1.0,0.3043,0.7766,0.2577,121.0,0.5521,0.547,0.4977,0.9447,0.9895,0.0962,0.4781,0.6186,0.6104,0.087,0.0714,0.8889,0.0,0.0,1.0,52124.5394,52034.5619,46.9037,5bb4d6991b5552b8e46f52e7fae8437d80f61efc,Run 59; CMA-ES; Number of nodes: 15; Sample size: 2000; Fn Evals: 1000; ADMG Model: bow-free; This is just a test to see if the test suite works. This is iteration 2 of 3 varying number of nodes for bow-free graphs..,runs/run_059_data.pkl,runs/runs.csv,24,15,4,0.6,0.2,2000,bow-free,0.5,2.0,0.4,0.7,0.7,1.2,False,True,True,False,True,0.05,1000,3,4,71,12,runs/cmaes_059/,20000,8,True,1,cuda,1,0.05,1,False,False,True,False,0.3,0.005,10000,0.5,1
60,CMA-ES,0.4468,0.7162,0.3471,79.0,0.5147,0.6465,0.4192,0.497,0.8723,0.6525,0.2087,0.75,0.8788,0.375,0.5902,0.7252,0.0,0.0,1.0,0.4894,0.8506,0.2289,155.0,0.6176,0.7931,0.31,0.3983,0.9787,0.75,0.1073,0.875,0.9429,0.2472,0.3607,0.812,0.0,0.0,1.0,58493.8499,58966.9165,89.4183,5bb4d6991b5552b8e46f52e7fae8437d80f61efc,Run 60; CMA-ES; Number of nodes: 20; Sample size: 2000; Fn Evals: 1000; ADMG Model: bow-free; This is just a test to see if the test suite works. This is iteration 2 of 3 varying number of nodes for bow-free graphs..,runs/run_060_data.pkl,runs/runs.csv,2,20,4,0.6,0.2,2000,bow-free,0.5,2.0,0.4,0.7,0.7,1.2,False,True,True,False,True,0.05,1000,3,4,71,12,runs/cmaes_060/,20000,8,True,1,cuda,1,0.05,1,False,False,True,False,0.3,0.005,10000,0.5,1
61,CMA-ES,0.5,0.4615,0.5185,13.0,0.4,0.4667,0.4571,0.6667,0.6429,0.3077,0.6316,0.75,0.4545,0.5,0.4375,0.4167,0.2857,0.25,0.6667,0.5714,0.68,0.4103,23.0,0.5,0.6774,0.3922,0.5366,0.7857,0.5926,0.24,0.75,0.8571,0.1429,0.125,0.8333,0.0,0.0,1.0,5635.0528,5703.2445,1.1958,5bb4d6991b5552b8e46f52e7fae8437d80f61efc,Run 61; CMA-ES; Number of nodes: 10; Sample size: 500; Fn Evals: 1000; ADMG Model: bow-free; This is just a test to see if the test suite works. This is iteration 2 of 3 varying number of samples for bow-free graphs.,runs/run_061_data.pkl,runs/runs.csv,48,10,4,0.6,0.2,500,bow-free,0.5,2.0,0.4,0.7,0.7,1.2,False,True,True,False,True,0.05,1000,3,4,71,12,runs/cmaes_061/,20000,8,True,1,cuda,1,0.05,1,False,False,True,False,0.3,0.005,10000,0.5,1
62,CMA-ES,0.3636,0.7143,0.32,17.0,0.5333,0.5556,0.4848,0.72,0.8182,0.3571,0.6286,1.0,0.5417,0.2667,0.1818,0.5,1.0,0.0,1.0,0.3636,0.8571,0.2051,31.0,0.6,0.7568,0.3462,0.4878,0.9091,0.6667,0.3529,0.5455,0.7391,0.2051,0.3636,0.8571,0.0,0.0,1.0,12108.8872,12188.6741,5.4126,5bb4d6991b5552b8e46f52e7fae8437d80f61efc,Run 62; CMA-ES; Number of nodes: 10; Sample size: 1000; Fn Evals: 1000; ADMG Model: bow-free; This is just a test to see if the test suite works. This is iteration 2 of 3 varying number of samples for bow-free graphs.,runs/run_062_data.pkl,runs/runs.csv,34,10,4,0.6,0.2,1000,bow-free,0.5,2.0,0.4,0.7,0.7,1.2,False,True,True,False,True,0.05,1000,3,4,71,12,runs/cmaes_062/,20000,8,True,1,cuda,1,0.05,1,False,False,True,False,0.3,0.005,10000,0.5,1
63,CMA-ES,0.4,0.6364,0.381,26.0,0.6296,0.4138,0.6071,0.7727,0.85,0.2917,0.6222,0.8235,0.5,0.55,0.55,0.45,0.0,0.0,1.0,0.4,0.7838,0.2807,41.0,0.7037,0.5957,0.5135,0.6667,0.95,0.4865,0.4286,0.8824,0.717,0.4878,0.5,0.5238,0.0,0.0,1.0,40355.5427,40436.8494,14.9196,5bb4d6991b5552b8e46f52e7fae8437d80f61efc,Run 63; CMA-ES; Number of nodes: 10; Sample size: 3000; Fn Evals: 1000; ADMG Model: bow-free; This is just a test to see if the test suite works. This is iteration 2 of 3 varying number of samples for bow-free graphs.,runs/run_063_data.pkl,runs/runs.csv,39,10,4,0.6,0.2,3000,bow-free,0.5,2.0,0.4,0.7,0.7,1.2,False,True,True,False,True,0.05,1000,3,4,71,12,runs/cmaes_063/,20000,8,True,1,cuda,1,0.05,1,False,False,True,False,0.3,0.005,10000,0.5,1
64,CMA-ES,0.4286,0.5,0.4615,7.0,0.4,0.4286,0.4706,0.7692,0.7143,0.1667,0.5714,0.6667,0.5,0.0,0.0,1.0,0.0,0.0,1.0,0.5714,0.8261,0.2667,22.0,0.6,0.8065,0.2927,0.375,0.8571,0.76,0.1481,0.2222,0.8889,0.0,0.0,1.0,0.0,0.0,1.0,43959.8607,44069.5957,9.6389,5bb4d6991b5552b8e46f52e7fae8437d80f61efc,Run 64; CMA-ES; Number of nodes: 10; Sample size: 4000; Fn Evals: 1000; ADMG Model: bow-free; This is just a test to see if the test suite works. This is iteration 2 of 3 varying number of samples for bow-free graphs.,runs/run_064_data.pkl,runs/runs.csv,59,10,4,0.6,0.2,4000,bow-free,0.5,2.0,0.4,0.7,0.7,1.2,False,True,True,False,True,0.05,1000,3,4,71,12,runs/cmaes_064/,20000,8,True,1,cuda,1,0.05,1,False,False,True,False,0.3,0.005,10000,0.5,1
65,CMA-ES,0.4,0.5,0.4444,10.0,0.5294,0.0,0.6923,0.8889,0.8,0.0,0.4615,0.3,0.0,0.0,0.0,1.0,0.0,0.0,1.0,0.4,0.5,0.4444,10.0,0.5294,0.0,0.6923,0.8889,0.8,0.0,0.4615,0.3,0.0,0.0,0.0,1.0,0.0,0.0,1.0,15271.1563,15271.1563,0.6691,5bb4d6991b5552b8e46f52e7fae8437d80f61efc,Run 65; CMA-ES; Number of nodes: 5; Sample size: 2000; Fn Evals: 1000; ADMG Model: ancestral; This is just a test to see if the test suite works. This is iteration 3 of 3 varying number of nodes for ancestral graphs..,runs/run_065_data.pkl,runs/runs.csv,9,5,4,0.6,0.2,2000,ancestral,0.5,2.0,0.4,0.7,0.7,1.2,False,True,True,False,True,0.05,1000,3,4,71,12,runs/cmaes_065/,20000,8,True,1,cuda,1,0.05,1,False,False,True,False,0.3,0.005,10000,0.5,1
66,CMA-ES,0.4286,0.625,0.4,9.0,0.4286,0.6667,0.375,0.9333,1.0,0.125,0.9231,1.0,0.1429,1.0,1.0,0.0,1.0,0.0,1.0,0.4286,0.8846,0.1818,27.0,0.4286,0.8929,0.1714,0.4242,1.0,0.7308,0.2143,0.25,0.8125,0.1739,1.0,0.9048,0.0,0.0,1.0,17979.4931,18100.8514,3.0261,5bb4d6991b5552b8e46f52e7fae8437d80f61efc,Run 66; CMA-ES; Number of nodes: 10; Sample size: 2000; Fn Evals: 1000; ADMG Model: ancestral; This is just a test to see if the test suite works. This is iteration 3 of 3 varying number of nodes for ancestral graphs..,runs/run_066_data.pkl,runs/runs.csv,41,10,4,0.6,0.2,2000,ancestral,0.5,2.0,0.4,0.7,0.7,1.2,False,True,True,False,True,0.05,1000,3,4,71,12,runs/cmaes_066/,20000,8,True,1,cuda,1,0.05,1,False,False,True,False,0.3,0.005,10000,0.5,1
67,CMA-ES,0.3462,0.7955,0.2571,52.0,0.4688,0.7059,0.3614,0.6761,0.9231,0.4667,0.1379,0.125,0.8462,0.2973,0.4074,0.766,0.0,0.0,1.0,0.3462,0.8696,0.1895,77.0,0.4688,0.8101,0.2703,0.5,0.9231,0.6571,0.0645,0.0625,0.9333,0.22,0.4074,0.8493,0.0328,0.1111,0.9808,36641.4723,36378.7973,14.6524,5bb4d6991b5552b8e46f52e7fae8437d80f61efc,Run 67; CMA-ES; Number of nodes: 15; Sample size: 2000; Fn Evals: 1000; ADMG Model: ancestral; This is just a test to see if the test suite works. This is iteration 3 of 3 varying number of nodes for ancestral graphs..,runs/run_067_data.pkl,runs/runs.csv,39,15,4,0.6,0.2,2000,ancestral,0.5,2.0,0.4,0.7,0.7,1.2,False,True,True,False,True,0.05,1000,3,4,71,12,runs/cmaes_067/,20000,8,True,1,cuda,1,0.05,1,False,False,True,False,0.3,0.005,10000,0.5,1
68,CMA-ES,0.2394,0.8229,0.2036,133.0,0.3011,0.7143,0.2932,0.5614,0.64,0.5,0.0,0.0,1.0,0.3021,0.3053,0.701,0.229,0.3659,0.8333,0.2535,0.8537,0.1856,158.0,0.3333,0.7578,0.2805,0.5354,0.7067,0.5691,0.0,0.0,1.0,0.287,0.3368,0.75,0.2078,0.3902,0.8584,65744.1121,65042.6485,52.924,5bb4d6991b5552b8e46f52e7fae8437d80f61efc,Run 68; CMA-ES; Number of nodes: 20; Sample size: 2000; Fn Evals: 1000; ADMG Model: ancestral; This is just a test to see if the test suite works. This is iteration 3 of 3 varying number of nodes for ancestral graphs..,runs/run_068_data.pkl,runs/runs.csv,68,20,4,0.6,0.2,2000,ancestral,0.5,2.0,0.4,0.7,0.7,1.2,False,True,True,False,True,0.05,1000,3,4,71,12,runs/cmaes_068/,20000,8,True,1,cuda,1,0.05,1,False,False,True,False,0.3,0.005,10000,0.5,1
69,CMA-ES,0.2917,0.7586,0.2642,39.0,0.4286,0.5312,0.4478,0.717,0.7917,0.3448,0.3077,0.4444,0.7647,0.4151,0.3929,0.56,0.3704,0.4545,0.6875,0.2917,0.8,0.2373,45.0,0.4857,0.5526,0.4658,0.7119,0.875,0.4,0.2222,0.3333,0.8333,0.3729,0.3929,0.6452,0.125,0.1818,0.9048,6980.6141,7015.6045,2.4436,5bb4d6991b5552b8e46f52e7fae8437d80f61efc,Run 69; CMA-ES; Number of nodes: 10; Sample size: 500; Fn Evals: 1000; ADMG Model: ancestral; This is just a test to see if the test suite works. This is iteration 3 of 3 varying number of samples for ancestral graphs.,runs/run_069_data.pkl,runs/runs.csv,50,10,4,0.6,0.2,500,ancestral,0.5,2.0,0.4,0.7,0.7,1.2,False,True,True,False,True,0.05,1000,3,4,71,12,runs/cmaes_069/,20000,8,True,1,cuda,1,0.05,1,False,False,True,False,0.3,0.005,10000,0.5,1
70,CMA-ES,0.8333,0.4444,0.6667,5.0,0.8333,0.4444,0.6667,0.8,1.0,0.3333,0.5455,0.5,0.4,0.5,0.75,0.625,0.5714,1.0,0.6,0.8333,0.7826,0.3448,19.0,0.8333,0.8,0.3226,0.4138,1.0,0.7391,0.1429,0.1667,0.875,0.2308,0.75,0.8636,0.2222,1.0,0.875,9426.2852,9513.7076,1.3229,5bb4d6991b5552b8e46f52e7fae8437d80f61efc,Run 70; CMA-ES; Number of nodes: 10; Sample size: 1000; Fn Evals: 1000; ADMG Model: ancestral; This is just a test to see if the test suite works. This is iteration 3 of 3 varying number of samples for ancestral graphs.,runs/run_070_data.pkl,runs/runs.csv,72,10,4,0.6,0.2,1000,ancestral,0.5,2.0,0.4,0.7,0.7,1.2,False,True,True,False,True,0.05,1000,3,4,71,12,runs/cmaes_070/,20000,8,True,1,cuda,1,0.05,1,False,False,True,False,0.3,0.005,10000,0.5,1
71,CMA-ES,0.5714,0.5,0.5333,7.0,0.5,0.5,0.5,0.8,0.8571,0.25,0.2222,1.0,0.875,0.0,0.0,1.0,0.0,0.0,1.0,0.5714,0.8095,0.2857,20.0,0.625,0.7727,0.3333,0.5,1.0,0.6667,0.0,0.0,1.0,0.3448,0.625,0.7619,0.2222,0.5,0.8571,25457.4694,25553.2348,7.4811,5bb4d6991b5552b8e46f52e7fae8437d80f61efc,Run 71; CMA-ES; Number of nodes: 10; Sample size: 3000; Fn Evals: 1000; ADMG Model: ancestral; This is just a test to see if the test suite works. This is iteration 3 of 3 varying number of samples for ancestral graphs.,runs/run_071_data.pkl,runs/runs.csv,16,10,4,0.6,0.2,3000,ancestral,0.5,2.0,0.4,0.7,0.7,1.2,False,True,True,False,True,0.05,1000,3,4,71,12,runs/cmaes_071/,20000,8,True,1,cuda,1,0.05,1,False,False,True,False,0.3,0.005,10000,0.5,1
72,CMA-ES,0.25,0.7838,0.2319,53.0,0.5,0.58,0.4565,0.7826,0.8438,0.2703,0.0,0.0,1.0,0.4304,0.4474,0.5854,0.3684,0.35,0.6111,0.2812,0.7632,0.2571,52.0,0.5476,0.5577,0.4894,0.8,0.875,0.2632,0.0,0.0,1.0,0.4762,0.5263,0.5652,0.3429,0.3,0.6,58892.0819,58899.674,28.1331,5bb4d6991b5552b8e46f52e7fae8437d80f61efc,Run 72; CMA-ES; Number of nodes: 10; Sample size: 4000; Fn Evals: 1000; ADMG Model: ancestral; This is just a test to see if the test suite works. This is iteration 3 of 3 varying number of samples for ancestral graphs.,runs/run_072_data.pkl,runs/runs.csv,58,10,4,0.6,0.2,4000,ancestral,0.5,2.0,0.4,0.7,0.7,1.2,False,True,True,False,True,0.05,1000,3,4,71,12,runs/cmaes_072/,20000,8,True,1,cuda,1,0.05,1,False,False,True,False,0.3,0.005,10000,0.5,1
73,CMA-ES,0.3,0.625,0.3333,12.0,0.5294,0.1,0.6667,0.8889,0.8,0.0,0.5714,0.4,0.0,0.0,0.0,1.0,1.0,0.0,1.0,0.3,0.625,0.3333,12.0,0.5294,0.1,0.6667,0.8889,0.8,0.0,0.5714,0.4,0.0,0.0,0.0,1.0,1.0,0.0,1.0,16689.7484,16689.7484,1.8362,5bb4d6991b5552b8e46f52e7fae8437d80f61efc,Run 73; CMA-ES; Number of nodes: 5; Sample size: 2000; Fn Evals: 1000; ADMG Model: bow-free; This is just a test to see if the test suite works. This is iteration 3 of 3 varying number of nodes for bow-free graphs..,runs/run_073_data.pkl,runs/runs.csv,32,5,4,0.6,0.2,2000,bow-free,0.5,2.0,0.4,0.7,0.7,1.2,False,True,True,False,True,0.05,1000,3,4,71,12,runs/cmaes_073/,20000,8,True,1,cuda,1,0.05,1,False,False,True,False,0.3,0.005,10000,0.5,1
74,CMA-ES,0.1429,0.8571,0.1429,12.0,0.4,0.6,0.4,0.7143,0.7143,0.2857,0.4,0.4,0.6,0.4615,0.4286,0.5,0.0,0.0,1.0,0.1429,0.9375,0.087,21.0,0.4,0.8261,0.2424,0.4,0.7143,0.7222,0.0,0.0,1.0,0.2143,0.4286,0.8571,0.1818,0.5,0.8889,18915.8997,18973.2726,7.0588,5bb4d6991b5552b8e46f52e7fae8437d80f61efc,Run 74; CMA-ES; Number of nodes: 10; Sample size: 2000; Fn Evals: 1000; ADMG Model: bow-free; This is just a test to see if the test suite works. This is iteration 3 of 3 varying number of nodes for bow-free graphs..,runs/run_074_data.pkl,runs/runs.csv,98,10,4,0.6,0.2,2000,bow-free,0.5,2.0,0.4,0.7,0.7,1.2,False,True,True,False,True,0.05,1000,3,4,71,12,runs/cmaes_074/,20000,8,True,1,cuda,1,0.05,1,False,False,True,False,0.3,0.005,10000,0.5,1
75,CMA-ES,0.1818,0.875,0.1481,23.0,0.6667,0.4545,0.6,0.8148,1.0,0.3125,0.5556,1.0,0.6154,0.4706,0.3636,0.3333,0.0,0.0,1.0,0.1818,0.9697,0.0519,73.0,0.6667,0.8588,0.233,0.2222,1.0,0.875,0.0449,0.2,0.9747,0.1087,0.4545,0.9383,0.0,0.0,1.0,34790.2742,35125.0259,21.4405,5bb4d6991b5552b8e46f52e7fae8437d80f61efc,Run 75; CMA-ES; Number of nodes: 15; Sample size: 2000; Fn Evals: 1000; ADMG Model: bow-free; This is just a test to see if the test suite works. This is iteration 3 of 3 varying number of nodes for bow-free graphs..,runs/run_075_data.pkl,runs/runs.csv,60,15,4,0.6,0.2,2000,bow-free,0.5,2.0,0.4,0.7,0.7,1.2,False,True,True,False,True,0.05,1000,3,4,71,12,runs/cmaes_075/,20000,8,True,1,cuda,1,0.05,1,False,False,True,False,0.3,0.005,10000,0.5,1
76,CMA-ES,0.5,0.7143,0.3636,7.0,0.75,0.625,0.5,0.7273,1.0,0.4286,0.5556,0.8333,0.5833,0.0,0.0,1.0,1.0,0.0,1.0,0.5,0.9783,0.0417,92.0,0.75,0.9764,0.0458,0.0576,1.0,0.9704,0.0506,0.3333,0.9726,0.0124,0.5,0.9937,0.0,0.0,1.0,37647.0358,38227.7938,6.8765,5bb4d6991b5552b8e46f52e7fae8437d80f61efc,Run 76; CMA-ES; Number of nodes: 20; Sample size: 2000; Fn Evals: 1000; ADMG Model: bow-free; This is just a test to see if the test suite works. This is iteration 3 of 3 varying number of nodes for bow-free graphs..,runs/run_076_data.pkl,runs/runs.csv,62,20,4,0.6,0.2,2000,bow-free,0.5,2.0,0.4,0.7,0.7,1.2,False,True,True,False,True,0.05,1000,3,4,71,12,runs/cmaes_076/,20000,8,True,1,cuda,1,0.05,1,False,False,True,False,0.3,0.005,10000,0.5,1
77,CMA-ES,0.1429,0.875,0.1333,52.0,0.3243,0.7273,0.2963,0.8421,0.8205,0.1351,0.3951,0.32,0.4839,0.2903,0.3214,0.7353,0.0,0.0,1.0,0.1429,0.8974,0.1194,59.0,0.3784,0.7358,0.3111,0.875,0.8974,0.1463,0.321,0.26,0.5806,0.209,0.25,0.8205,0.0,0.0,1.0,6626.3866,6651.4753,5.5934,5bb4d6991b5552b8e46f52e7fae8437d80f61efc,Run 77; CMA-ES; Number of nodes: 10; Sample size: 500; Fn Evals: 1000; ADMG Model: bow-free; This is just a test to see if the test suite works. This is iteration 3 of 3 varying number of samples for bow-free graphs.,runs/run_077_data.pkl,runs/runs.csv,23,10,4,0.6,0.2,500,bow-free,0.5,2.0,0.4,0.7,0.7,1.2,False,True,True,False,True,0.05,1000,3,4,71,12,runs/cmaes_077/,20000,8,True,1,cuda,1,0.05,1,False,False,True,False,0.3,0.005,10000,0.5,1
78,CMA-ES,0.3571,0.6154,0.3704,51.0,0.5806,0.3333,0.6207,0.9888,0.9778,0.0,0.8889,0.8,0.0,0.0,0.0,1.0,1.0,0.0,1.0,0.4048,0.6047,0.4,51.0,0.6774,0.3,0.6885,0.9888,0.9778,0.0,0.8889,0.8,0.0,0.0,0.0,1.0,1.0,0.0,1.0,18409.2684,18436.616,10.2224,5bb4d6991b5552b8e46f52e7fae8437d80f61efc,Run 78; CMA-ES; Number of nodes: 10; Sample size: 1000; Fn Evals: 1000; ADMG Model: bow-free; This is just a test to see if the test suite works. This is iteration 3 of 3 varying number of samples for bow-free graphs.,runs/run_078_data.pkl,runs/runs.csv,6,10,4,0.6,0.2,1000,bow-free,0.5,2.0,0.4,0.7,0.7,1.2,False,True,True,False,True,0.05,1000,3,4,71,12,runs/cmaes_078/,20000,8,True,1,cuda,1,0.05,1,False,False,True,False,0.3,0.005,10000,0.5,1
79,CMA-ES,0.3214,0.7188,0.3,42.0,0.6,0.3864,0.6067,0.8438,0.8438,0.1562,0.4,0.3793,0.5769,0.5246,0.5161,0.4667,0.0,0.0,1.0,0.3214,0.775,0.2647,50.0,0.6667,0.4231,0.6186,0.8767,1.0,0.2195,0.3944,0.4828,0.6667,0.4194,0.4194,0.5806,0.0,0.0,1.0,48474.4414,48454.3817,25.8716,5bb4d6991b5552b8e46f52e7fae8437d80f61efc,Run 79; CMA-ES; Number of nodes: 10; Sample size: 3000; Fn Evals: 1000; ADMG Model: bow-free; This is just a test to see if the test suite works. This is iteration 3 of 3 varying number of samples for bow-free graphs.,runs/run_079_data.pkl,runs/runs.csv,9,10,4,0.6,0.2,3000,bow-free,0.5,2.0,0.4,0.7,0.7,1.2,False,True,True,False,True,0.05,1000,3,4,71,12,runs/cmaes_079/,20000,8,True,1,cuda,1,0.05,1,False,False,True,False,0.3,0.005,10000,0.5,1
80,CMA-ES,0.3611,0.5806,0.3881,41.0,0.463,0.3421,0.5435,0.8421,0.8421,0.1579,0.4688,0.4688,0.5312,0.4444,0.4211,0.5294,0.25,0.3333,0.8,0.3889,0.6585,0.3636,49.0,0.5926,0.3725,0.6095,0.9,0.9474,0.1429,0.475,0.5938,0.6042,0.3768,0.3421,0.5806,0.3636,0.3333,0.6,68032.3285,67829.4361,37.5664,5bb4d6991b5552b8e46f52e7fae8437d80f61efc,Run 80; CMA-ES; Number of nodes: 10; Sample size: 4000; Fn Evals: 1000; ADMG Model: bow-free; This is just a test to see if the test suite works. This is iteration 3 of 3 varying number of samples for bow-free graphs.,runs/run_080_data.pkl,runs/runs.csv,14,10,4,0.6,0.2,4000,bow-free,0.5,2.0,0.4,0.7,0.7,1.2,False,True,True,False,True,0.05,1000,3,4,71,12,runs/cmaes_080/,20000,8,True,1,cuda,1,0.05,1,False,False,True,False,0.3,0.005,10000,0.5,1
81,CMA-ES,0.1,0.8889,0.1053,17.0,0.1818,0.7778,0.2,0.9474,0.9,0.0,0.8235,0.7,0.0,0.0,0.0,1.0,1.0,0.0,1.0,0.1,0.8889,0.1053,17.0,0.1818,0.7778,0.2,0.9474,0.9,0.0,0.8235,0.7,0.0,0.0,0.0,1.0,1.0,0.0,1.0,11101.2247,11101.2247,7.6948,4152a0d1b5e38cc4612f3a6bba5641e8b9f545df,Run 81; CMA-ES; Number of nodes: 5; Sample size: 2000; Fn Evals: 20000; ADMG Model: ancestral; Test suite that varies number of nodes and number of samples. This is iteration 1 of 3 varying number of nodes for ancestral graphs.,runs/run_081_data.pkl,runs/runs.csv,66,5,4,0.6,0.2,2000,ancestral,0.5,2.0,0.4,0.7,0.7,1.2,False,True,True,False,True,0.05,20000,3,4,54,12,runs/cmaes_081/,20000,8,True,1,cuda,1,0.05,1,False,False,True,False,0.3,0.005,10000,0.5,1
82,CMA-ES,0.5556,0.4444,0.5556,8.0,0.6364,0.3,0.6667,0.8889,0.8889,0.1111,0.8333,0.9091,0.2308,0.8333,0.7143,0.0,1.0,0.0,1.0,0.5556,0.5455,0.5,10.0,0.6364,0.4167,0.6087,0.8,0.8889,0.2727,0.375,0.2727,0.4,0.5556,0.7143,0.5455,0.0,0.0,1.0,20501.4983,20506.5542,29.5755,4152a0d1b5e38cc4612f3a6bba5641e8b9f545df,Run 82; CMA-ES; Number of nodes: 10; Sample size: 2000; Fn Evals: 40000; ADMG Model: ancestral; Test suite that varies number of nodes and number of samples. This is iteration 1 of 3 varying number of nodes for ancestral graphs.,runs/run_082_data.pkl,runs/runs.csv,61,10,4,0.6,0.2,2000,ancestral,0.5,2.0,0.4,0.7,0.7,1.2,False,True,True,False,True,0.05,40000,3,4,71,12,runs/cmaes_082/,20000,8,True,1,cuda,1,0.05,1,False,False,True,False,0.3,0.005,10000,0.5,1
83,CMA-ES,0.4773,0.5,0.4884,44.0,0.4667,0.3333,0.549,0.7391,0.68,0.1905,0.1667,0.1429,0.8,0.4954,0.403,0.3571,0.5397,0.6538,0.5405,0.4773,0.5532,0.4615,49.0,0.5,0.3617,0.5607,0.7423,0.72,0.234,0.1818,0.1429,0.75,0.5088,0.4328,0.383,0.5217,0.6923,0.5814,38194.311,38145.2847,91.3669,4152a0d1b5e38cc4612f3a6bba5641e8b9f545df,Run 83; CMA-ES; Number of nodes: 15; Sample size: 2000; Fn Evals: 40000; ADMG Model: ancestral; Test suite that varies number of nodes and number of samples. This is iteration 1 of 3 varying number of nodes for ancestral graphs.,runs/run_083_data.pkl,runs/runs.csv,17,15,4,0.6,0.2,2000,ancestral,0.5,2.0,0.4,0.7,0.7,1.2,False,True,True,False,True,0.05,40000,3,4,80,12,runs/cmaes_083/,20000,8,True,1,cuda,1,0.05,1,False,False,True,False,0.3,0.005,10000,0.5,1
84,CMA-ES,0.3091,0.7671,0.2656,94.0,0.3188,0.7027,0.3077,0.6406,0.7455,0.4384,0.0,0.0,1.0,0.2985,0.3175,0.7183,0.2653,0.3514,0.7869,0.3091,0.7927,0.2482,103.0,0.3333,0.7294,0.2987,0.6131,0.7636,0.4878,0.0,0.0,1.0,0.2897,0.3333,0.7439,0.2453,0.3514,0.8116,45285.6106,45042.1973,260.7407,4152a0d1b5e38cc4612f3a6bba5641e8b9f545df,Run 84; CMA-ES; Number of nodes: 20; Sample size: 2000; Fn Evals: 40000; ADMG Model: ancestral; Test suite that varies number of nodes and number of samples. This is iteration 1 of 3 varying number of nodes for ancestral graphs.,runs/run_084_data.pkl,runs/runs.csv,82,20,4,0.6,0.2,2000,ancestral,0.5,2.0,0.4,0.7,0.7,1.2,False,True,True,False,True,0.05,40000,3,4,87,12,runs/cmaes_084/,20000,8,True,1,cuda,1,0.05,1,False,False,True,False,0.3,0.005,10000,0.5,1
85,CMA-ES,0.5686,0.5246,0.5179,54.0,0.5758,0.377,0.5984,0.8036,0.8824,0.2623,0.2857,0.5714,0.8095,0.5455,0.4762,0.3617,0.5517,0.64,0.5152,0.5686,0.7364,0.3602,103.0,0.6061,0.6396,0.452,0.5839,0.9216,0.5727,0.2667,0.2857,0.75,0.426,0.5714,0.6604,0.3252,0.8,0.7959,69007.9728,69321.5337,672.0017,4152a0d1b5e38cc4612f3a6bba5641e8b9f545df,Run 85; CMA-ES; Number of nodes: 30; Sample size: 2000; Fn Evals: 40000; ADMG Model: ancestral; Test suite that varies number of nodes and number of samples. This is iteration 1 of 3 varying number of nodes for ancestral graphs.,runs/run_085_data.pkl,runs/runs.csv,27,30,4,0.6,0.2,2000,ancestral,0.5,2.0,0.4,0.7,0.7,1.2,False,True,True,False,True,0.05,40000,3,4,97,12,runs/cmaes_085/,20000,8,True,1,cuda,1,0.05,1,False,False,True,False,0.3,0.005,10000,0.5,1
86,CMA-ES,0.6818,0.2857,0.6977,13.0,0.6786,0.1739,0.7451,0.8444,0.7917,0.0952,0.8333,0.7692,0.0909,0.7234,0.6296,0.15,0.8421,1.0,0.2727,0.6818,0.2857,0.6977,13.0,0.6786,0.1739,0.7451,0.8444,0.7917,0.0952,0.8333,0.7692,0.0909,0.7234,0.6296,0.15,0.8421,1.0,0.2727,5624.1893,5624.1893,22.2044,4152a0d1b5e38cc4612f3a6bba5641e8b9f545df,Run 86; CMA-ES; Number of nodes: 10; Sample size: 500; Fn Evals: 20000; ADMG Model: ancestral; Test suite that varies number of nodes and number of samples. This is iteration 1 of 3 varying number of samples for ancestral graphs.,runs/run_086_data.pkl,runs/runs.csv,71,10,4,0.6,0.2,500,ancestral,0.5,2.0,0.4,0.7,0.7,1.2,False,True,True,False,True,0.05,20000,3,4,71,12,runs/cmaes_086/,20000,8,True,1,cuda,1,0.05,1,False,False,True,False,0.3,0.005,10000,0.5,1
87,CMA-ES,0.5625,0.4,0.5806,13.0,0.5455,0.25,0.6316,0.8387,0.8125,0.1333,0.6667,0.6667,0.3333,0.7273,0.7059,0.25,0.5455,0.5,0.4,0.5625,0.4375,0.5625,14.0,0.5455,0.2941,0.6154,0.8125,0.8125,0.1875,0.5882,0.5556,0.375,0.7059,0.7059,0.2941,0.4615,0.5,0.5714,12386.6883,12385.1995,56.2714,4152a0d1b5e38cc4612f3a6bba5641e8b9f545df,Run 87; CMA-ES; Number of nodes: 10; Sample size: 1000; Fn Evals: 40000; ADMG Model: ancestral; Test suite that varies number of nodes and number of samples. This is iteration 1 of 3 varying number of samples for ancestral graphs.,runs/run_087_data.pkl,runs/runs.csv,78,10,4,0.6,0.2,1000,ancestral,0.5,2.0,0.4,0.7,0.7,1.2,False,True,True,False,True,0.05,40000,3,4,71,12,runs/cmaes_087/,20000,8,True,1,cuda,1,0.05,1,False,False,True,False,0.3,0.005,10000,0.5,1
88,CMA-ES,0.8,0.2,0.8,2.0,0.8333,0.1667,0.8333,1.0,1.0,0.0,1.0,1.0,0.0,1.0,0.0,1.0,1.0,0.0,1.0,0.8,0.2,0.8,2.0,0.8333,0.1667,0.8333,1.0,1.0,0.0,1.0,1.0,0.0,1.0,0.0,1.0,1.0,0.0,1.0,27579.8277,27579.8277,46.9068,4152a0d1b5e38cc4612f3a6bba5641e8b9f545df,Run 88; CMA-ES; Number of nodes: 10; Sample size: 3000; Fn Evals: 40000; ADMG Model: ancestral; Test suite that varies number of nodes and number of samples. This is iteration 1 of 3 varying number of samples for ancestral graphs.,runs/run_088_data.pkl,runs/runs.csv,54,10,4,0.6,0.2,3000,ancestral,0.5,2.0,0.4,0.7,0.7,1.2,False,True,True,False,True,0.05,40000,3,4,71,12,runs/cmaes_088/,20000,8,True,1,cuda,1,0.05,1,False,False,True,False,0.3,0.005,10000,0.5,1
89,CMA-ES,0.5333,0.5556,0.4848,17.0,0.5294,0.5,0.5143,0.8485,0.9333,0.2222,0.6667,0.8182,0.4375,0.6923,0.6923,0.3077,0.9231,1.0,0.1429,0.5333,0.619,0.4444,20.0,0.5294,0.5714,0.4737,0.7778,0.9333,0.3333,0.6667,0.8182,0.4375,0.6207,0.6923,0.4375,0.75,1.0,0.4,40411.5017,40433.9602,628.4723,4152a0d1b5e38cc4612f3a6bba5641e8b9f545df,Run 89; CMA-ES; Number of nodes: 10; Sample size: 4000; Fn Evals: 40000; ADMG Model: ancestral; Test suite that varies number of nodes and number of samples. This is iteration 1 of 3 varying number of samples for ancestral graphs.,runs/run_089_data.pkl,runs/runs.csv,1,10,4,0.6,0.2,4000,ancestral,0.5,2.0,0.4,0.7,0.7,1.2,False,True,True,False,True,0.05,40000,3,4,71,12,runs/cmaes_089/,20000,8,True,1,cuda,1,0.05,1,False,False,True,False,0.3,0.005,10000,0.5,1
90,CMA-ES,0.3,0.5714,0.3529,11.0,0.3571,0.375,0.4545,0.8235,0.7,0.0,0.7097,0.55,0.0,0.0,0.0,1.0,1.0,0.0,1.0,0.3,0.5714,0.3529,11.0,0.3571,0.375,0.4545,0.8235,0.7,0.0,0.7097,0.55,0.0,0.0,0.0,1.0,1.0,0.0,1.0,12494.7303,12494.7303,58.4074,4152a0d1b5e38cc4612f3a6bba5641e8b9f545df,Run 90; CMA-ES; Number of nodes: 5; Sample size: 2000; Fn Evals: 20000; ADMG Model: bow-free; Test suite that varies number of nodes and number of samples. This is iteration 1 of 3 varying number of nodes for bow-free graphs.,runs/run_090_data.pkl,runs/runs.csv,77,5,4,0.6,0.2,2000,bow-free,0.5,2.0,0.4,0.7,0.7,1.2,False,True,True,False,True,0.05,20000,3,4,54,12,runs/cmaes_090/,20000,8,True,1,cuda,1,0.05,1,False,False,True,False,0.3,0.005,10000,0.5,1
91,CMA-ES,0.5455,0.2941,0.6154,15.0,0.5588,0.1364,0.6786,0.7442,0.6154,0.0588,0.3529,0.3,0.5714,0.5926,0.4706,0.2,0.6667,0.625,0.2857,0.5455,0.2941,0.6154,15.0,0.5588,0.1364,0.6786,0.7442,0.6154,0.0588,0.3529,0.3,0.5714,0.5926,0.4706,0.2,0.6667,0.625,0.2857,25686.5476,25686.5476,152.5689,4152a0d1b5e38cc4612f3a6bba5641e8b9f545df,Run 91; CMA-ES; Number of nodes: 10; Sample size: 2000; Fn Evals: 40000; ADMG Model: bow-free; Test suite that varies number of nodes and number of samples. This is iteration 1 of 3 varying number of nodes for bow-free graphs.,runs/run_091_data.pkl,runs/runs.csv,27,10,4,0.6,0.2,2000,bow-free,0.5,2.0,0.4,0.7,0.7,1.2,False,True,True,False,True,0.05,40000,3,4,71,12,runs/cmaes_091/,20000,8,True,1,cuda,1,0.05,1,False,False,True,False,0.3,0.005,10000,0.5,1
92,CMA-ES,0.6429,0.3571,0.6429,10.0,0.6842,0.2778,0.7027,0.8571,0.8571,0.1429,0.6429,0.6429,0.3571,0.48,0.5,0.5385,0.0,0.0,1.0,0.6429,0.4,0.6207,11.0,0.6842,0.3158,0.6842,0.8276,0.8571,0.2,0.6207,0.6429,0.4,0.4615,0.5,0.5714,0.0,0.0,1.0,33277.1874,33277.1612,203.4198,4152a0d1b5e38cc4612f3a6bba5641e8b9f545df,Run 92; CMA-ES; Number of nodes: 15; Sample size: 2000; Fn Evals: 40000; ADMG Model: bow-free; Test suite that varies number of nodes and number of samples. This is iteration 1 of 3 varying number of nodes for bow-free graphs.,runs/run_092_data.pkl,runs/runs.csv,18,15,4,0.6,0.2,2000,bow-free,0.5,2.0,0.4,0.7,0.7,1.2,False,True,True,False,True,0.05,40000,3,4,80,12,runs/cmaes_092/,20000,8,True,1,cuda,1,0.05,1,False,False,True,False,0.3,0.005,10000,0.5,1
93,CMA-ES,0.6667,0.3333,0.6667,4.0,0.8,0.0,0.8889,1.0,1.0,0.0,1.0,1.0,0.0,1.0,1.0,0.0,1.0,0.0,1.0,0.6667,0.3333,0.6667,4.0,0.8,0.0,0.8889,1.0,1.0,0.0,1.0,1.0,0.0,1.0,1.0,0.0,1.0,0.0,1.0,42247.9902,42247.9902,214.4053,4152a0d1b5e38cc4612f3a6bba5641e8b9f545df,Run 93; CMA-ES; Number of nodes: 20; Sample size: 2000; Fn Evals: 40000; ADMG Model: bow-free; Test suite that varies number of nodes and number of samples. This is iteration 1 of 3 varying number of nodes for bow-free graphs.,runs/run_093_data.pkl,runs/runs.csv,59,20,4,0.6,0.2,2000,bow-free,0.5,2.0,0.4,0.7,0.7,1.2,False,True,True,False,True,0.05,40000,3,4,87,12,runs/cmaes_093/,20000,8,True,1,cuda,1,0.05,1,False,False,True,False,0.3,0.005,10000,0.5,1
94,CMA-ES,0.5,0.4583,0.52,24.0,0.6389,0.303,0.6667,0.84,0.8077,0.125,0.7037,0.8261,0.3871,0.8,0.6667,0.0,0.3333,0.2,0.0,0.5385,0.6818,0.4,42.0,0.6944,0.6032,0.5051,0.5946,0.8462,0.5417,0.3404,0.3478,0.6667,0.4634,0.7917,0.6724,0.3158,0.6,0.7857,58940.921,59029.2412,2057.5549,4152a0d1b5e38cc4612f3a6bba5641e8b9f545df,Run 94; CMA-ES; Number of nodes: 30; Sample size: 2000; Fn Evals: 40000; ADMG Model: bow-free; Test suite that varies number of nodes and number of samples. This is iteration 1 of 3 varying number of nodes for bow-free graphs.,runs/run_094_data.pkl,runs/runs.csv,90,30,4,0.6,0.2,2000,bow-free,0.5,2.0,0.4,0.7,0.7,1.2,False,True,True,False,True,0.05,40000,3,4,97,12,runs/cmaes_094/,20000,8,True,1,cuda,1,0.05,1,False,False,True,False,0.3,0.005,10000,0.5,1
95,CMA-ES,0.5238,0.4211,0.55,18.0,0.6207,0.28,0.6667,0.7234,0.6296,0.15,0.0,0.0,1.0,0.4643,0.4194,0.48,0.381,0.3333,0.5556,0.5238,0.4211,0.55,18.0,0.6207,0.28,0.6667,0.7234,0.6296,0.15,0.0,0.0,1.0,0.4643,0.4194,0.48,0.381,0.3333,0.5556,6229.9557,6229.9557,41.2908,4152a0d1b5e38cc4612f3a6bba5641e8b9f545df,Run 95; CMA-ES; Number of nodes: 10; Sample size: 500; Fn Evals: 20000; ADMG Model: bow-free; Test suite that varies number of nodes and number of samples. This is iteration 1 of 3 varying number of samples for bow-free graphs.,runs/run_095_data.pkl,runs/runs.csv,71,10,4,0.6,0.2,500,bow-free,0.5,2.0,0.4,0.7,0.7,1.2,False,True,True,False,True,0.05,20000,3,4,71,12,runs/cmaes_095/,20000,8,True,1,cuda,1,0.05,1,False,False,True,False,0.3,0.005,10000,0.5,1
96,CMA-ES,0.25,0.75,0.25,12.0,0.6667,0.2,0.7273,1.0,1.0,0.0,1.0,1.0,0.0,1.0,1.0,0.0,1.0,0.0,1.0,0.25,0.75,0.25,12.0,0.6667,0.2,0.7273,1.0,1.0,0.0,1.0,1.0,0.0,1.0,1.0,0.0,1.0,0.0,1.0,11300.634,11300.634,27.1347,4152a0d1b5e38cc4612f3a6bba5641e8b9f545df,Run 96; CMA-ES; Number of nodes: 10; Sample size: 1000; Fn Evals: 40000; ADMG Model: bow-free; Test suite that varies number of nodes and number of samples. This is iteration 1 of 3 varying number of samples for bow-free graphs.,runs/run_096_data.pkl,runs/runs.csv,15,10,4,0.6,0.2,1000,bow-free,0.5,2.0,0.4,0.7,0.7,1.2,False,True,True,False,True,0.05,40000,3,4,71,12,runs/cmaes_096/,20000,8,True,1,cuda,1,0.05,1,False,False,True,False,0.3,0.005,10000,0.5,1
97,CMA-ES,0.2143,0.7857,0.2143,44.0,0.375,0.5714,0.4,0.7576,0.6757,0.1379,0.3846,0.2941,0.4444,0.5373,0.5,0.4194,0.3077,0.5,0.7778,0.2143,0.8,0.2069,46.0,0.4,0.5676,0.4156,0.8169,0.7838,0.1471,0.3509,0.2941,0.5652,0.4286,0.4167,0.5588,0.2667,0.5,0.8182,42293.0327,42274.0424,580.3052,4152a0d1b5e38cc4612f3a6bba5641e8b9f545df,Run 97; CMA-ES; Number of nodes: 10; Sample size: 3000; Fn Evals: 40000; ADMG Model: bow-free; Test suite that varies number of nodes and number of samples. This is iteration 1 of 3 varying number of samples for bow-free graphs.,runs/run_097_data.pkl,runs/runs.csv,32,10,4,0.6,0.2,3000,bow-free,0.5,2.0,0.4,0.7,0.7,1.2,False,True,True,False,True,0.05,40000,3,4,71,12,runs/cmaes_097/,20000,8,True,1,cuda,1,0.05,1,False,False,True,False,0.3,0.005,10000,0.5,1
98,CMA-ES,0.4412,0.4231,0.5,30.0,0.5319,0.2188,0.6329,0.8525,0.7647,0.037,0.6129,0.6552,0.4242,0.56,0.4,0.0667,0.0,0.0,1.0,0.4412,0.4643,0.4839,32.0,0.5319,0.2647,0.6173,0.8571,0.7941,0.069,0.5,0.4483,0.4348,0.5517,0.4571,0.3043,0.0,0.0,1.0,59506.7579,59481.0189,1019.1322,4152a0d1b5e38cc4612f3a6bba5641e8b9f545df,Run 98; CMA-ES; Number of nodes: 10; Sample size: 4000; Fn Evals: 40000; ADMG Model: bow-free; Test suite that varies number of nodes and number of samples. This is iteration 1 of 3 varying number of samples for bow-free graphs.,runs/run_098_data.pkl,runs/runs.csv,58,10,4,0.6,0.2,4000,bow-free,0.5,2.0,0.4,0.7,0.7,1.2,False,True,True,False,True,0.05,40000,3,4,71,12,runs/cmaes_098/,20000,8,True,1,cuda,1,0.05,1,False,False,True,False,0.3,0.005,10000,0.5,1
99,CMA-ES,0.5556,0.4444,0.5556,8.0,0.6,0.4,0.6,0.8889,0.8889,0.1111,0.8889,0.8889,0.1111,1.0,0.0,1.0,1.0,0.0,1.0,0.5556,0.4444,0.5556,8.0,0.6,0.4,0.6,0.8889,0.8889,0.1111,0.8889,0.8889,0.1111,1.0,0.0,1.0,1.0,0.0,1.0,9884.0241,9884.0241,7.9042,4152a0d1b5e38cc4612f3a6bba5641e8b9f545df,Run 99; CMA-ES; Number of nodes: 5; Sample size: 2000; Fn Evals: 20000; ADMG Model: ancestral; Test suite that varies number of nodes and number of samples. This is iteration 2 of 3 varying number of nodes for ancestral graphs.,runs/run_099_data.pkl,runs/runs.csv,74,5,4,0.6,0.2,2000,ancestral,0.5,2.0,0.4,0.7,0.7,1.2,False,True,True,False,True,0.05,20000,3,4,54,12,runs/cmaes_099/,20000,8,True,1,cuda,1,0.05,1,False,False,True,False,0.3,0.005,10000,0.5,1
100,CMA-ES,0.5625,0.4375,0.5625,14.0,0.7143,0.2105,0.75,0.9375,0.9375,0.0625,0.8333,1.0,0.2857,0.8235,0.7368,0.0667,1.0,1.0,0.0,0.5625,0.4706,0.5455,15.0,0.7143,0.25,0.7317,0.9091,0.9375,0.1176,0.8333,1.0,0.2857,0.8,0.7368,0.125,0.8571,1.0,0.25,23708.518,23715.6507,191.1149,4152a0d1b5e38cc4612f3a6bba5641e8b9f545df,Run 100; CMA-ES; Number of nodes: 10; Sample size: 2000; Fn Evals: 40000; ADMG Model: ancestral; Test suite that varies number of nodes and number of samples. This is iteration 2 of 3 varying number of nodes for ancestral graphs.,runs/run_100_data.pkl,runs/runs.csv,39,10,4,0.6,0.2,2000,ancestral,0.5,2.0,0.4,0.7,0.7,1.2,False,True,True,False,True,0.05,40000,3,4,71,12,runs/cmaes_100/,20000,8,True,1,cuda,1,0.05,1,False,False,True,False,0.3,0.005,10000,0.5,1
101,CMA-ES,0.5294,0.5,0.5143,17.0,0.5,0.3889,0.55,0.8,0.8235,0.2222,0.5714,0.5455,0.4,0.5556,0.5263,0.4118,0.3077,0.5,0.7778,0.5294,0.5909,0.4615,21.0,0.5,0.5,0.5,0.7179,0.8235,0.3636,0.2222,0.1818,0.7143,0.5128,0.5263,0.5,0.2857,0.75,0.8235,29830.27,29851.1084,107.6141,4152a0d1b5e38cc4612f3a6bba5641e8b9f545df,Run 101; CMA-ES; Number of nodes: 15; Sample size: 2000; Fn Evals: 40000; ADMG Model: ancestral; Test suite that varies number of nodes and number of samples. This is iteration 2 of 3 varying number of nodes for ancestral graphs.,runs/run_101_data.pkl,runs/runs.csv,89,15,4,0.6,0.2,2000,ancestral,0.5,2.0,0.4,0.7,0.7,1.2,False,True,True,False,True,0.05,40000,3,4,80,12,runs/cmaes_101/,20000,8,True,1,cuda,1,0.05,1,False,False,True,False,0.3,0.005,10000,0.5,1
102,CMA-ES,0.6957,0.2381,0.7273,12.0,0.6333,0.0952,0.7451,0.8636,0.8261,0.0952,0.7234,0.85,0.3704,0.6842,0.5417,0.0714,0.6667,0.5,0.0,0.6957,0.5556,0.5424,27.0,0.6667,0.4444,0.6061,0.678,0.8696,0.4444,0.2069,0.15,0.6667,0.5614,0.6667,0.5152,0.0625,0.5,0.9667,41698.6922,41802.5642,129.4849,4152a0d1b5e38cc4612f3a6bba5641e8b9f545df,Run 102; CMA-ES; Number of nodes: 20; Sample size: 2000; Fn Evals: 40000; ADMG Model: ancestral; Test suite that varies number of nodes and number of samples. This is iteration 2 of 3 varying number of nodes for ancestral graphs.,runs/run_102_data.pkl,runs/runs.csv,70,20,4,0.6,0.2,2000,ancestral,0.5,2.0,0.4,0.7,0.7,1.2,False,True,True,False,True,0.05,40000,3,4,87,12,runs/cmaes_102/,20000,8,True,1,cuda,1,0.05,1,False,False,True,False,0.3,0.005,10000,0.5,1
103,CMA-ES,0.6957,0.4667,0.6038,21.0,0.7037,0.3667,0.6667,0.8302,0.9565,0.2667,0.5806,0.8571,0.561,0.6857,0.6,0.2,0.4444,0.4,0.5,0.6957,0.7288,0.3902,50.0,0.7037,0.678,0.4419,0.5366,0.9565,0.6271,0.0645,0.0476,0.9,0.3846,0.75,0.7414,0.1091,0.6,0.94,58471.6564,58642.1479,400.0139,4152a0d1b5e38cc4612f3a6bba5641e8b9f545df,Run 103; CMA-ES; Number of nodes: 30; Sample size: 2000; Fn Evals: 40000; ADMG Model: ancestral; Test suite that varies number of nodes and number of samples. This is iteration 2 of 3 varying number of nodes for ancestral graphs.,runs/run_103_data.pkl,runs/runs.csv,89,30,4,0.6,0.2,2000,ancestral,0.5,2.0,0.4,0.7,0.7,1.2,False,True,True,False,True,0.05,40000,3,4,97,12,runs/cmaes_103/,20000,8,True,1,cuda,1,0.05,1,False,False,True,False,0.3,0.005,10000,0.5,1
104,CMA-ES,0.7333,0.2143,0.7586,7.0,0.7059,0.1429,0.7742,0.9655,0.9333,0.0,0.8333,0.9091,0.2308,0.9167,0.8462,0.0,0.8,0.6667,0.0,0.7333,0.2143,0.7586,7.0,0.7059,0.1429,0.7742,0.9655,0.9333,0.0,0.8333,0.9091,0.2308,0.9167,0.8462,0.0,0.8,0.6667,0.0,5294.144,5294.144,9.5167,4152a0d1b5e38cc4612f3a6bba5641e8b9f545df,Run 104; CMA-ES; Number of nodes: 10; Sample size: 500; Fn Evals: 20000; ADMG Model: ancestral; Test suite that varies number of nodes and number of samples. This is iteration 2 of 3 varying number of samples for ancestral graphs.,runs/run_104_data.pkl,runs/runs.csv,1,10,4,0.6,0.2,500,ancestral,0.5,2.0,0.4,0.7,0.7,1.2,False,True,True,False,True,0.05,20000,3,4,71,12,runs/cmaes_104/,20000,8,True,1,cuda,1,0.05,1,False,False,True,False,0.3,0.005,10000,0.5,1
105,CMA-ES,0.3636,0.6364,0.3636,28.0,0.3448,0.5455,0.3922,0.7556,0.7391,0.2273,0.4211,0.3333,0.4286,0.3913,0.3462,0.55,0.4,0.625,0.7059,0.3636,0.6364,0.3636,28.0,0.3448,0.5455,0.3922,0.7556,0.7391,0.2273,0.4211,0.3333,0.4286,0.3913,0.3462,0.55,0.4,0.625,0.7059,10752.1167,10752.1167,32.5323,4152a0d1b5e38cc4612f3a6bba5641e8b9f545df,Run 105; CMA-ES; Number of nodes: 10; Sample size: 1000; Fn Evals: 40000; ADMG Model: ancestral; Test suite that varies number of nodes and number of samples. This is iteration 2 of 3 varying number of samples for ancestral graphs.,runs/run_105_data.pkl,runs/runs.csv,68,10,4,0.6,0.2,1000,ancestral,0.5,2.0,0.4,0.7,0.7,1.2,False,True,True,False,True,0.05,40000,3,4,71,12,runs/cmaes_105/,20000,8,True,1,cuda,1,0.05,1,False,False,True,False,0.3,0.005,10000,0.5,1
106,CMA-ES,0.3333,0.6,0.3636,7.0,0.4444,0.2,0.5714,0.9091,0.8333,0.0,0.8889,1.0,0.2,0.0,0.0,1.0,1.0,0.0,1.0,0.3333,0.6,0.3636,7.0,0.4444,0.2,0.5714,0.9091,0.8333,0.0,0.8889,1.0,0.2,0.0,0.0,1.0,1.0,0.0,1.0,32563.7489,32563.7489,41.0024,4152a0d1b5e38cc4612f3a6bba5641e8b9f545df,Run 106; CMA-ES; Number of nodes: 10; Sample size: 3000; Fn Evals: 40000; ADMG Model: ancestral; Test suite that varies number of nodes and number of samples. This is iteration 2 of 3 varying number of samples for ancestral graphs.,runs/run_106_data.pkl,runs/runs.csv,15,10,4,0.6,0.2,3000,ancestral,0.5,2.0,0.4,0.7,0.7,1.2,False,True,True,False,True,0.05,40000,3,4,71,12,runs/cmaes_106/,20000,8,True,1,cuda,1,0.05,1,False,False,True,False,0.3,0.005,10000,0.5,1
107,CMA-ES,0.625,0.3333,0.6452,11.0,0.5714,0.2,0.6667,0.8387,0.8125,0.1333,0.7273,0.8571,0.3684,0.5833,0.4667,0.2222,0.8,0.6667,0.0,0.625,0.3333,0.6452,11.0,0.5714,0.2,0.6667,0.8387,0.8125,0.1333,0.7273,0.8571,0.3684,0.5833,0.4667,0.2222,0.8,0.6667,0.0,43566.1544,43566.1544,172.3672,4152a0d1b5e38cc4612f3a6bba5641e8b9f545df,Run 107; CMA-ES; Number of nodes: 10; Sample size: 4000; Fn Evals: 40000; ADMG Model: ancestral; Test suite that varies number of nodes and number of samples. This is iteration 2 of 3 varying number of samples for ancestral graphs.,runs/run_107_data.pkl,runs/runs.csv,29,10,4,0.6,0.2,4000,ancestral,0.5,2.0,0.4,0.7,0.7,1.2,False,True,True,False,True,0.05,40000,3,4,71,12,runs/cmaes_107/,20000,8,True,1,cuda,1,0.05,1,False,False,True,False,0.3,0.005,10000,0.5,1
108,CMA-ES,0.4,0.4286,0.4706,9.0,0.4375,0.2222,0.56,0.8889,0.8,0.0,0.75,0.6,0.0,0.0,0.0,1.0,1.0,0.0,1.0,0.4,0.4286,0.4706,9.0,0.4375,0.2222,0.56,0.8889,0.8,0.0,0.75,0.6,0.0,0.0,0.0,1.0,1.0,0.0,1.0,14923.8296,14923.8296,29.1367,4152a0d1b5e38cc4612f3a6bba5641e8b9f545df,Run 108; CMA-ES; Number of nodes: 5; Sample size: 2000; Fn Evals: 20000; ADMG Model: bow-free; Test suite that varies number of nodes and number of samples. This is iteration 2 of 3 varying number of nodes for bow-free graphs.,runs/run_108_data.pkl,runs/runs.csv,100,5,4,0.6,0.2,2000,bow-free,0.5,2.0,0.4,0.7,0.7,1.2,False,True,True,False,True,0.05,20000,3,4,54,12,runs/cmaes_108/,20000,8,True,1,cuda,1,0.05,1,False,False,True,False,0.3,0.005,10000,0.5,1
109,CMA-ES,0.25,0.6667,0.2857,20.0,0.375,0.4375,0.45,0.7586,0.6875,0.1538,0.6875,0.6875,0.3125,0.6154,0.5,0.2,1.0,0.0,1.0,0.25,0.6667,0.2857,20.0,0.375,0.4375,0.45,0.7586,0.6875,0.1538,0.6875,0.6875,0.3125,0.6154,0.5,0.2,1.0,0.0,1.0,21450.72,21450.72,89.1218,4152a0d1b5e38cc4612f3a6bba5641e8b9f545df,Run 109; CMA-ES; Number of nodes: 10; Sample size: 2000; Fn Evals: 40000; ADMG Model: bow-free; Test suite that varies number of nodes and number of samples. This is iteration 2 of 3 varying number of nodes for bow-free graphs.,runs/run_109_data.pkl,runs/runs.csv,78,10,4,0.6,0.2,2000,bow-free,0.5,2.0,0.4,0.7,0.7,1.2,False,True,True,False,True,0.05,40000,3,4,71,12,runs/cmaes_109/,20000,8,True,1,cuda,1,0.05,1,False,False,True,False,0.3,0.005,10000,0.5,1
110,CMA-ES,0.2667,0.6667,0.2963,19.0,0.381,0.4286,0.4571,0.8148,0.7333,0.0833,0.6429,0.75,0.4375,0.4167,0.3125,0.375,0.0,0.0,1.0,0.2667,0.6667,0.2963,19.0,0.381,0.4286,0.4571,0.8148,0.7333,0.0833,0.6429,0.75,0.4375,0.4167,0.3125,0.375,0.0,0.0,1.0,33568.5163,33568.5163,622.856,4152a0d1b5e38cc4612f3a6bba5641e8b9f545df,Run 110; CMA-ES; Number of nodes: 15; Sample size: 2000; Fn Evals: 40000; ADMG Model: bow-free; Test suite that varies number of nodes and number of samples. This is iteration 2 of 3 varying number of nodes for bow-free graphs.,runs/run_110_data.pkl,runs/runs.csv,34,15,4,0.6,0.2,2000,bow-free,0.5,2.0,0.4,0.7,0.7,1.2,False,True,True,False,True,0.05,40000,3,4,80,12,runs/cmaes_110/,20000,8,True,1,cuda,1,0.05,1,False,False,True,False,0.3,0.005,10000,0.5,1
111,CMA-ES,0.4,0.7333,0.32,85.0,0.6087,0.5484,0.5185,0.6667,0.8571,0.4545,0.1379,0.3077,0.9111,0.4551,0.5352,0.6042,0.3492,0.3929,0.6857,0.4,0.7701,0.292,97.0,0.6377,0.5963,0.4944,0.6456,0.9107,0.5,0.092,0.3077,0.9459,0.3955,0.493,0.6698,0.3846,0.3571,0.5833,49688.8702,49583.8347,1510.085,4152a0d1b5e38cc4612f3a6bba5641e8b9f545df,Run 111; CMA-ES; Number of nodes: 20; Sample size: 2000; Fn Evals: 40000; ADMG Model: bow-free; Test suite that varies number of nodes and number of samples. This is iteration 2 of 3 varying number of nodes for bow-free graphs.,runs/run_111_data.pkl,runs/runs.csv,49,20,4,0.6,0.2,2000,bow-free,0.5,2.0,0.4,0.7,0.7,1.2,False,True,True,False,True,0.05,40000,3,4,87,12,runs/cmaes_111/,20000,8,True,1,cuda,1,0.05,1,False,False,True,False,0.3,0.005,10000,0.5,1
112,CMA-ES,0.3226,0.7368,0.2899,49.0,0.3953,0.6304,0.382,0.6571,0.7419,0.4103,0.5902,0.8571,0.55,0.3636,0.3429,0.6129,0.3077,0.3333,0.7143,0.3226,0.8462,0.2083,76.0,0.3953,0.7821,0.281,0.4071,0.7419,0.7195,0.2414,0.3333,0.8108,0.2241,0.3714,0.8395,0.0769,0.3333,0.9565,66637.2427,66751.8365,3228.6463,4152a0d1b5e38cc4612f3a6bba5641e8b9f545df,Run 112; CMA-ES; Number of nodes: 30; Sample size: 2000; Fn Evals: 40000; ADMG Model: bow-free; Test suite that varies number of nodes and number of samples. This is iteration 2 of 3 varying number of nodes for bow-free graphs.,runs/run_112_data.pkl,runs/runs.csv,59,30,4,0.6,0.2,2000,bow-free,0.5,2.0,0.4,0.7,0.7,1.2,False,True,True,False,True,0.05,40000,3,4,97,12,runs/cmaes_112/,20000,8,True,1,cuda,1,0.05,1,False,False,True,False,0.3,0.005,10000,0.5,1
113,CMA-ES,0.5333,0.4286,0.5517,13.0,0.6316,0.25,0.6857,0.8966,0.8667,0.0714,0.8,0.8333,0.2308,0.8889,0.8,0.0,1.0,1.0,0.0,0.5333,0.4286,0.5517,13.0,0.6316,0.25,0.6857,0.8966,0.8667,0.0714,0.8,0.8333,0.2308,0.8889,0.8,0.0,1.0,1.0,0.0,5684.2041,5684.2041,31.6304,4152a0d1b5e38cc4612f3a6bba5641e8b9f545df,Run 113; CMA-ES; Number of nodes: 10; Sample size: 500; Fn Evals: 20000; ADMG Model: bow-free; Test suite that varies number of nodes and number of samples. This is iteration 2 of 3 varying number of samples for bow-free graphs.,runs/run_113_data.pkl,runs/runs.csv,41,10,4,0.6,0.2,500,bow-free,0.5,2.0,0.4,0.7,0.7,1.2,False,True,True,False,True,0.05,20000,3,4,71,12,runs/cmaes_113/,20000,8,True,1,cuda,1,0.05,1,False,False,True,False,0.3,0.005,10000,0.5,1
114,CMA-ES,0.4667,0.5,0.4828,15.0,0.45,0.4375,0.5,0.7273,0.6316,0.1429,0.3333,0.3333,0.6667,0.2963,0.2222,0.5556,0.4444,0.4,0.5,0.4667,0.5,0.4828,15.0,0.45,0.4375,0.5,0.7273,0.6316,0.1429,0.3333,0.3333,0.6667,0.2963,0.2222,0.5556,0.4444,0.4,0.5,10892.077,10892.077,78.9031,4152a0d1b5e38cc4612f3a6bba5641e8b9f545df,Run 114; CMA-ES; Number of nodes: 10; Sample size: 1000; Fn Evals: 40000; ADMG Model: bow-free; Test suite that varies number of nodes and number of samples. This is iteration 2 of 3 varying number of samples for bow-free graphs.,runs/run_114_data.pkl,runs/runs.csv,10,10,4,0.6,0.2,1000,bow-free,0.5,2.0,0.4,0.7,0.7,1.2,False,True,True,False,True,0.05,40000,3,4,71,12,runs/cmaes_114/,20000,8,True,1,cuda,1,0.05,1,False,False,True,False,0.3,0.005,10000,0.5,1
115,CMA-ES,0.4583,0.4762,0.4889,23.0,0.5312,0.32,0.5965,0.7547,0.625,0.0476,0.2703,0.1923,0.5455,0.5769,0.4688,0.25,0.3529,0.5,0.7273,0.4583,0.5,0.4783,24.0,0.5312,0.3704,0.5763,0.7778,0.6562,0.0455,0.1212,0.0769,0.7143,0.5714,0.5,0.3333,0.3158,0.5,0.7692,34844.0936,34836.9536,655.2694,4152a0d1b5e38cc4612f3a6bba5641e8b9f545df,Run 115; CMA-ES; Number of nodes: 10; Sample size: 3000; Fn Evals: 40000; ADMG Model: bow-free; Test suite that varies number of nodes and number of samples. This is iteration 2 of 3 varying number of samples for bow-free graphs.,runs/run_115_data.pkl,runs/runs.csv,93,10,4,0.6,0.2,3000,bow-free,0.5,2.0,0.4,0.7,0.7,1.2,False,True,True,False,True,0.05,40000,3,4,71,12,runs/cmaes_115/,20000,8,True,1,cuda,1,0.05,1,False,False,True,False,0.3,0.005,10000,0.5,1
116,CMA-ES,0.5714,0.4,0.5854,17.0,0.7241,0.2222,0.75,0.9268,0.9048,0.05,0.5,1.0,0.6667,0.8085,0.7037,0.05,0.8421,0.7273,0.0,0.5714,0.4,0.5854,17.0,0.7241,0.2222,0.75,0.9268,0.9048,0.05,0.5,1.0,0.6667,0.8085,0.7037,0.05,0.8421,0.7273,0.0,47850.72,47850.72,679.9298,4152a0d1b5e38cc4612f3a6bba5641e8b9f545df,Run 116; CMA-ES; Number of nodes: 10; Sample size: 4000; Fn Evals: 40000; ADMG Model: bow-free; Test suite that varies number of nodes and number of samples. This is iteration 2 of 3 varying number of samples for bow-free graphs.,runs/run_116_data.pkl,runs/runs.csv,97,10,4,0.6,0.2,4000,bow-free,0.5,2.0,0.4,0.7,0.7,1.2,False,True,True,False,True,0.05,40000,3,4,71,12,runs/cmaes_116/,20000,8,True,1,cuda,1,0.05,1,False,False,True,False,0.3,0.005,10000,0.5,1
117,CMA-ES,0.5556,0.2857,0.625,6.0,0.5,0.1429,0.6316,0.875,0.7778,0.0,0.3636,0.2222,0.0,0.0,0.0,1.0,0.0,0.0,1.0,0.5556,0.2857,0.625,6.0,0.5,0.1429,0.6316,0.875,0.7778,0.0,0.3636,0.2222,0.0,0.0,0.0,1.0,0.0,0.0,1.0,12716.402,12716.402,10.3033,4152a0d1b5e38cc4612f3a6bba5641e8b9f545df,Run 117; CMA-ES; Number of nodes: 5; Sample size: 2000; Fn Evals: 20000; ADMG Model: ancestral; Test suite that varies number of nodes and number of samples. This is iteration 3 of 3 varying number of nodes for ancestral graphs.,runs/run_117_data.pkl,runs/runs.csv,44,5,4,0.6,0.2,2000,ancestral,0.5,2.0,0.4,0.7,0.7,1.2,False,True,True,False,True,0.05,20000,3,4,54,12,runs/cmaes_117/,20000,8,True,1,cuda,1,0.05,1,False,False,True,False,0.3,0.005,10000,0.5,1
118,CMA-ES,0.25,0.7857,0.2308,20.0,0.25,0.7143,0.2667,0.6923,0.75,0.3571,0.2143,0.4286,0.8571,0.2353,0.1667,0.6,0.0,0.0,1.0,0.25,0.8,0.2222,21.0,0.25,0.7333,0.2581,0.6667,0.75,0.4,0.2222,0.4286,0.85,0.2353,0.1667,0.6,0.4,0.4,0.6,20263.19,20270.3263,30.9561,4152a0d1b5e38cc4612f3a6bba5641e8b9f545df,Run 118; CMA-ES; Number of nodes: 10; Sample size: 2000; Fn Evals: 40000; ADMG Model: ancestral; Test suite that varies number of nodes and number of samples. This is iteration 3 of 3 varying number of nodes for ancestral graphs.,runs/run_118_data.pkl,runs/runs.csv,10,10,4,0.6,0.2,2000,ancestral,0.5,2.0,0.4,0.7,0.7,1.2,False,True,True,False,True,0.05,40000,3,4,71,12,runs/cmaes_118/,20000,8,True,1,cuda,1,0.05,1,False,False,True,False,0.3,0.005,10000,0.5,1
119,CMA-ES,0.3636,0.75,0.2963,19.0,0.5882,0.4737,0.5556,0.7407,0.9091,0.375,0.5926,0.5714,0.3846,0.3,0.375,0.75,0.0,0.0,1.0,0.3636,0.7647,0.2857,20.0,0.5882,0.5,0.5405,0.7143,0.9091,0.4118,0.4615,0.4286,0.5,0.2727,0.375,0.7857,0.0,0.0,1.0,34849.6833,34856.2432,205.7689,4152a0d1b5e38cc4612f3a6bba5641e8b9f545df,Run 119; CMA-ES; Number of nodes: 15; Sample size: 2000; Fn Evals: 40000; ADMG Model: ancestral; Test suite that varies number of nodes and number of samples. This is iteration 3 of 3 varying number of nodes for ancestral graphs.,runs/run_119_data.pkl,runs/runs.csv,40,15,4,0.6,0.2,2000,ancestral,0.5,2.0,0.4,0.7,0.7,1.2,False,True,True,False,True,0.05,40000,3,4,80,12,runs/cmaes_119/,20000,8,True,1,cuda,1,0.05,1,False,False,True,False,0.3,0.005,10000,0.5,1
120,CMA-ES,0.25,0.8333,0.2,8.0,0.3333,0.6667,0.3333,0.6,0.75,0.5,0.6,0.75,0.5,1.0,0.0,1.0,1.0,0.0,1.0,0.25,0.9524,0.08,23.0,0.3333,0.9048,0.1481,0.24,0.75,0.8571,0.3158,0.375,0.7273,0.0,0.0,1.0,0.0,0.0,1.0,38834.5501,38931.3831,91.2958,4152a0d1b5e38cc4612f3a6bba5641e8b9f545df,Run 120; CMA-ES; Number of nodes: 20; Sample size: 2000; Fn Evals: 40000; ADMG Model: ancestral; Test suite that varies number of nodes and number of samples. This is iteration 3 of 3 varying number of nodes for ancestral graphs.,runs/run_120_data.pkl,runs/runs.csv,92,20,4,0.6,0.2,2000,ancestral,0.5,2.0,0.4,0.7,0.7,1.2,False,True,True,False,True,0.05,40000,3,4,87,12,runs/cmaes_120/,20000,8,True,1,cuda,1,0.05,1,False,False,True,False,0.3,0.005,10000,0.5,1
121,CMA-ES,0.45,0.625,0.4091,26.0,0.5,0.4167,0.5385,0.7727,0.85,0.2917,0.5789,0.7857,0.5417,0.5854,0.5455,0.3684,0.4444,0.5,0.6,0.45,0.8333,0.2432,56.0,0.5357,0.7222,0.3659,0.4865,0.9,0.6667,0.1739,0.1429,0.7778,0.3562,0.5909,0.7451,0.1538,1.0,0.9167,66941.379,67116.2522,392.2739,4152a0d1b5e38cc4612f3a6bba5641e8b9f545df,Run 121; CMA-ES; Number of nodes: 30; Sample size: 2000; Fn Evals: 40000; ADMG Model: ancestral; Test suite that varies number of nodes and number of samples. This is iteration 3 of 3 varying number of nodes for ancestral graphs.,runs/run_121_data.pkl,runs/runs.csv,94,30,4,0.6,0.2,2000,ancestral,0.5,2.0,0.4,0.7,0.7,1.2,False,True,True,False,True,0.05,40000,3,4,97,12,runs/cmaes_121/,20000,8,True,1,cuda,1,0.05,1,False,False,True,False,0.3,0.005,10000,0.5,1
122,CMA-ES,0.4706,0.5294,0.4706,18.0,0.5926,0.1111,0.7111,0.8824,0.8824,0.1176,0.5,0.6667,0.6,0.6667,0.5652,0.1875,0.4,0.5,0.6667,0.4706,0.5294,0.4706,18.0,0.5926,0.1111,0.7111,0.8824,0.8824,0.1176,0.5,0.6667,0.6,0.6667,0.5652,0.1875,0.4,0.5,0.6667,7523.6216,7523.6216,17.6137,4152a0d1b5e38cc4612f3a6bba5641e8b9f545df,Run 122; CMA-ES; Number of nodes: 10; Sample size: 500; Fn Evals: 20000; ADMG Model: ancestral; Test suite that varies number of nodes and number of samples. This is iteration 3 of 3 varying number of samples for ancestral graphs.,runs/run_122_data.pkl,runs/runs.csv,52,10,4,0.6,0.2,500,ancestral,0.5,2.0,0.4,0.7,0.7,1.2,False,True,True,False,True,0.05,20000,3,4,71,12,runs/cmaes_122/,20000,8,True,1,cuda,1,0.05,1,False,False,True,False,0.3,0.005,10000,0.5,1
123,CMA-ES,0.2,0.75,0.2222,7.0,0.3333,0.6,0.3636,0.8889,0.8,0.0,0.8889,0.8,0.0,1.0,0.0,1.0,1.0,0.0,1.0,0.2,0.8,0.2,8.0,0.3333,0.7143,0.3077,0.8,0.8,0.2,0.5714,0.4,0.0,0.0,0.0,1.0,0.0,0.0,1.0,9296.4934,9296.3899,92.0091,4152a0d1b5e38cc4612f3a6bba5641e8b9f545df,Run 123; CMA-ES; Number of nodes: 10; Sample size: 1000; Fn Evals: 40000; ADMG Model: ancestral; Test suite that varies number of nodes and number of samples. This is iteration 3 of 3 varying number of samples for ancestral graphs.,runs/run_123_data.pkl,runs/runs.csv,54,10,4,0.6,0.2,1000,ancestral,0.5,2.0,0.4,0.7,0.7,1.2,False,True,True,False,True,0.05,40000,3,4,71,12,runs/cmaes_123/,20000,8,True,1,cuda,1,0.05,1,False,False,True,False,0.3,0.005,10000,0.5,1
124,CMA-ES,0.3529,0.625,0.3636,21.0,0.381,0.5,0.4324,0.9091,0.8824,0.0625,0.2857,0.3,0.7273,0.4,0.3529,0.5385,0.2667,0.2857,0.75,0.3529,0.625,0.3636,21.0,0.381,0.5,0.4324,0.9091,0.8824,0.0625,0.2857,0.3,0.7273,0.4,0.3529,0.5385,0.2667,0.2857,0.75,29287.9025,29287.9025,104.9131,4152a0d1b5e38cc4612f3a6bba5641e8b9f545df,Run 124; CMA-ES; Number of nodes: 10; Sample size: 3000; Fn Evals: 40000; ADMG Model: ancestral; Test suite that varies number of nodes and number of samples. This is iteration 3 of 3 varying number of samples for ancestral graphs.,runs/run_124_data.pkl,runs/runs.csv,42,10,4,0.6,0.2,3000,ancestral,0.5,2.0,0.4,0.7,0.7,1.2,False,True,True,False,True,0.05,40000,3,4,71,12,runs/cmaes_124/,20000,8,True,1,cuda,1,0.05,1,False,False,True,False,0.3,0.005,10000,0.5,1
125,CMA-ES,0.3448,0.6552,0.3448,38.0,0.4103,0.4839,0.4571,0.8136,0.8,0.1724,0.0909,0.1667,0.9375,0.4375,0.3684,0.4615,0.3125,0.3125,0.6875,0.3448,0.6774,0.3333,40.0,0.4103,0.5152,0.4444,0.7869,0.8,0.2258,0.0909,0.1667,0.9375,0.4118,0.3684,0.5333,0.3125,0.3125,0.6875,48685.413,47290.8816,190.8382,4152a0d1b5e38cc4612f3a6bba5641e8b9f545df,Run 125; CMA-ES; Number of nodes: 10; Sample size: 4000; Fn Evals: 40000; ADMG Model: ancestral; Test suite that varies number of nodes and number of samples. This is iteration 3 of 3 varying number of samples for ancestral graphs.,runs/run_125_data.pkl,runs/runs.csv,91,10,4,0.6,0.2,4000,ancestral,0.5,2.0,0.4,0.7,0.7,1.2,False,True,True,False,True,0.05,40000,3,4,71,12,runs/cmaes_125/,20000,8,True,1,cuda,1,0.05,1,False,False,True,False,0.3,0.005,10000,0.5,1
126,CMA-ES,0.4,0.5,0.4444,10.0,0.5714,0.2,0.6667,1.0,1.0,0.0,1.0,1.0,0.0,1.0,0.0,1.0,1.0,0.0,1.0,0.4,0.5,0.4444,10.0,0.5714,0.2,0.6667,1.0,1.0,0.0,1.0,1.0,0.0,1.0,0.0,1.0,1.0,0.0,1.0,13769.8982,13769.8982,14.0611,4152a0d1b5e38cc4612f3a6bba5641e8b9f545df,Run 126; CMA-ES; Number of nodes: 5; Sample size: 2000; Fn Evals: 20000; ADMG Model: bow-free; Test suite that varies number of nodes and number of samples. This is iteration 3 of 3 varying number of nodes for bow-free graphs.,runs/run_126_data.pkl,runs/runs.csv,11,5,4,0.6,0.2,2000,bow-free,0.5,2.0,0.4,0.7,0.7,1.2,False,True,True,False,True,0.05,20000,3,4,54,12,runs/cmaes_126/,20000,8,True,1,cuda,1,0.05,1,False,False,True,False,0.3,0.005,10000,0.5,1
127,CMA-ES,0.5,0.375,0.5556,8.0,0.625,0.0909,0.7407,0.8889,0.8,0.0,0.9091,0.8333,0.0,0.8696,0.7692,0.0,1.0,1.0,0.0,0.5,0.375,0.5556,8.0,0.625,0.0909,0.7407,0.8889,0.8,0.0,0.9091,0.8333,0.0,0.8696,0.7692,0.0,1.0,1.0,0.0,25760.1611,25760.1611,98.4273,4152a0d1b5e38cc4612f3a6bba5641e8b9f545df,Run 127; CMA-ES; Number of nodes: 10; Sample size: 2000; Fn Evals: 40000; ADMG Model: bow-free; Test suite that varies number of nodes and number of samples. This is iteration 3 of 3 varying number of nodes for bow-free graphs.,runs/run_127_data.pkl,runs/runs.csv,31,10,4,0.6,0.2,2000,bow-free,0.5,2.0,0.4,0.7,0.7,1.2,False,True,True,False,True,0.05,40000,3,4,71,12,runs/cmaes_127/,20000,8,True,1,cuda,1,0.05,1,False,False,True,False,0.3,0.005,10000,0.5,1
128,CMA-ES,0.2414,0.8108,0.2121,104.0,0.4615,0.6129,0.4211,0.8621,0.9146,0.1848,0.6029,0.8367,0.5287,0.6222,0.5957,0.3488,0.25,0.1905,0.6364,0.2586,0.8148,0.2158,109.0,0.5128,0.604,0.4469,0.8636,0.9268,0.1915,0.6029,0.8367,0.5287,0.6154,0.5957,0.3636,0.2353,0.1905,0.6923,45700.9687,45587.9757,1441.6584,4152a0d1b5e38cc4612f3a6bba5641e8b9f545df,Run 128; CMA-ES; Number of nodes: 15; Sample size: 2000; Fn Evals: 40000; ADMG Model: bow-free; Test suite that varies number of nodes and number of samples. This is iteration 3 of 3 varying number of nodes for bow-free graphs.,runs/run_128_data.pkl,runs/runs.csv,91,15,4,0.6,0.2,2000,bow-free,0.5,2.0,0.4,0.7,0.7,1.2,False,True,True,False,True,0.05,40000,3,4,80,12,runs/cmaes_128/,20000,8,True,1,cuda,1,0.05,1,False,False,True,False,0.3,0.005,10000,0.5,1
129,CMA-ES,0.413,0.6346,0.3878,60.0,0.5152,0.4138,0.5484,0.7037,0.6909,0.283,0.4571,0.4706,0.5556,0.5378,0.4638,0.36,0.5161,0.6667,0.5789,0.413,0.6724,0.3654,66.0,0.5152,0.4848,0.5152,0.6724,0.7091,0.3607,0.4516,0.4118,0.5,0.5077,0.4783,0.459,0.4507,0.6667,0.6596,51258.2687,51286.0914,1059.4313,4152a0d1b5e38cc4612f3a6bba5641e8b9f545df,Run 129; CMA-ES; Number of nodes: 20; Sample size: 2000; Fn Evals: 40000; ADMG Model: bow-free; Test suite that varies number of nodes and number of samples. This is iteration 3 of 3 varying number of nodes for bow-free graphs.,runs/run_129_data.pkl,runs/runs.csv,47,20,4,0.6,0.2,2000,bow-free,0.5,2.0,0.4,0.7,0.7,1.2,False,True,True,False,True,0.05,40000,3,4,87,12,runs/cmaes_129/,20000,8,True,1,cuda,1,0.05,1,False,False,True,False,0.3,0.005,10000,0.5,1
130,CMA-ES,0.45,0.5714,0.439,23.0,0.6,0.4444,0.5769,0.8293,0.85,0.1905,0.6383,0.8824,0.5,0.5,0.4,0.3333,0.0,0.0,1.0,0.45,0.7632,0.3103,40.0,0.6,0.6875,0.411,0.5763,0.85,0.5641,0.2963,0.4706,0.7838,0.3019,0.4,0.7576,0.0,0.0,1.0,59948.3728,60028.416,3346.5211,4152a0d1b5e38cc4612f3a6bba5641e8b9f545df,Run 130; CMA-ES; Number of nodes: 30; Sample size: 2000; Fn Evals: 40000; ADMG Model: bow-free; Test suite that varies number of nodes and number of samples. This is iteration 3 of 3 varying number of nodes for bow-free graphs.,runs/run_130_data.pkl,runs/runs.csv,2,30,4,0.6,0.2,2000,bow-free,0.5,2.0,0.4,0.7,0.7,1.2,False,True,True,False,True,0.05,40000,3,4,97,12,runs/cmaes_130/,20000,8,True,1,cuda,1,0.05,1,False,False,True,False,0.3,0.005,10000,0.5,1
131,CMA-ES,0.3462,0.5714,0.383,29.0,0.425,0.32,0.5231,0.7273,0.6452,0.1667,0.186,0.1667,0.7895,0.3929,0.3143,0.4762,0.0,0.0,1.0,0.3462,0.6087,0.3673,31.0,0.425,0.3704,0.5075,0.7368,0.6774,0.1923,0.1395,0.125,0.8421,0.3793,0.3143,0.5217,0.0,0.0,1.0,7582.981,7548.1482,30.3171,4152a0d1b5e38cc4612f3a6bba5641e8b9f545df,Run 131; CMA-ES; Number of nodes: 10; Sample size: 500; Fn Evals: 20000; ADMG Model: bow-free; Test suite that varies number of nodes and number of samples. This is iteration 3 of 3 varying number of samples for bow-free graphs.,runs/run_131_data.pkl,runs/runs.csv,79,10,4,0.6,0.2,500,bow-free,0.5,2.0,0.4,0.7,0.7,1.2,False,True,True,False,True,0.05,20000,3,4,71,12,runs/cmaes_131/,20000,8,True,1,cuda,1,0.05,1,False,False,True,False,0.3,0.005,10000,0.5,1
132,CMA-ES,0.2121,0.7742,0.2188,50.0,0.4468,0.4474,0.4941,0.8533,0.7805,0.0588,0.6087,0.56,0.3333,0.3265,0.25,0.5294,0.0,0.0,1.0,0.2121,0.7879,0.2121,52.0,0.4468,0.4878,0.4773,0.8571,0.8049,0.0833,0.5116,0.44,0.3889,0.2759,0.25,0.6923,0.0,0.0,1.0,14807.494,14791.5128,222.1888,4152a0d1b5e38cc4612f3a6bba5641e8b9f545df,Run 132; CMA-ES; Number of nodes: 10; Sample size: 1000; Fn Evals: 40000; ADMG Model: bow-free; Test suite that varies number of nodes and number of samples. This is iteration 3 of 3 varying number of samples for bow-free graphs.,runs/run_132_data.pkl,runs/runs.csv,37,10,4,0.6,0.2,1000,bow-free,0.5,2.0,0.4,0.7,0.7,1.2,False,True,True,False,True,0.05,40000,3,4,71,12,runs/cmaes_132/,20000,8,True,1,cuda,1,0.05,1,False,False,True,False,0.3,0.005,10000,0.5,1
133,CMA-ES,0.5263,0.5833,0.4651,23.0,0.6087,0.5333,0.5283,0.7826,0.8571,0.28,0.2667,0.8,0.84,0.5238,0.4783,0.4211,0.3,0.2143,0.5,0.5263,0.6296,0.4348,26.0,0.6522,0.5588,0.5263,0.7755,0.9048,0.3214,0.25,0.8,0.8519,0.5778,0.5652,0.4091,0.2857,0.2143,0.5714,32048.2438,31926.8583,334.2978,4152a0d1b5e38cc4612f3a6bba5641e8b9f545df,Run 133; CMA-ES; Number of nodes: 10; Sample size: 3000; Fn Evals: 40000; ADMG Model: bow-free; Test suite that varies number of nodes and number of samples. This is iteration 3 of 3 varying number of samples for bow-free graphs.,runs/run_133_data.pkl,runs/runs.csv,33,10,4,0.6,0.2,3000,bow-free,0.5,2.0,0.4,0.7,0.7,1.2,False,True,True,False,True,0.05,40000,3,4,71,12,runs/cmaes_133/,20000,8,True,1,cuda,1,0.05,1,False,False,True,False,0.3,0.005,10000,0.5,1
134,CMA-ES,0.5652,0.3158,0.619,16.0,0.5484,0.1905,0.6538,0.7755,0.6333,0.0,0.4667,0.4118,0.4615,0.5714,0.4,0.0,0.6316,0.75,0.4545,0.5652,0.4091,0.5778,19.0,0.5806,0.25,0.6545,0.8077,0.7,0.0455,0.4828,0.4118,0.4167,0.6667,0.5143,0.0526,0.5714,0.75,0.5385,48436.3282,48422.2259,387.1147,4152a0d1b5e38cc4612f3a6bba5641e8b9f545df,Run 134; CMA-ES; Number of nodes: 10; Sample size: 4000; Fn Evals: 40000; ADMG Model: bow-free; Test suite that varies number of nodes and number of samples. This is iteration 3 of 3 varying number of samples for bow-free graphs.,runs/run_134_data.pkl,runs/runs.csv,43,10,4,0.6,0.2,4000,bow-free,0.5,2.0,0.4,0.7,0.7,1.2,False,True,True,False,True,0.05,40000,3,4,71,12,runs/cmaes_134/,20000,8,True,1,cuda,1,0.05,1,False,False,True,False,0.3,0.005,10000,0.5,1
